No,Source Page Title,Source URL,Target URL,Domain Authority,Page Authority,Spam Score,Anchor Text,First Seen,Last Seen
1,"-","https://plus.google.com/111448486300179725563","https://www.gutterhelmet.com/blog/5-ways-that-ice-can-damage-your-home/?fbclid=IwAR385XZsrtsQNJoTbmD0lm1H-LCDW1kvIyw75eRbBD0GtN8gCvElMfT1moM",97,54,1,"https://www.gutterhelmet.com/blog/5-ways-that-ice-can-damage-your-home/?fbclid=iwar385xzsrtsqnjotbmd0lm1h-lcdw1kviyw75erbbd0gtn8gcvelmft1mom","2019-04-01","2019-04-01"
2,"Dachrinne – Wikipedia","https://de.wikipedia.org/wiki/Dachrinne","https://www.gutterhelmet.com/about-gutters/styles/k-style/",94,61,5,"k style gutters","2020-05-15","2026-06-02"
3,"-","https://bit.ly/1DesY2F","https://www.gutterhelmet.com/5-home-issues-addressed-immediately/",94,52,"-","-","2024-07-23","2024-10-31"
4,"-","https://www.washingtonpost.com/wp-dyn/articles/A18051-2004Oct8_3.html","https://www.gutterhelmet.com/",94,47,11,"www.gutterhelmet.com","2017-09-24","2018-01-04"
5,"
    Got gutter clutter? We've found the best gutter guards of 2023 - CBS News","https://www.cbsnews.com/news/best-gutter-guards-of-2023/","https://www.gutterhelmet.com/gutter-helmet-warranty-protection-for-a-lifetime/",93,53,3,"transferrable lifetime warranty","2024-05-18","2026-06-22"
6,"-","https://id.wikihow.com/Memasang-Talang","https://www.gutterhelmet.com/how-to-install-gutters/",93,50,2,"http://www.gutterhelmet.com/how-to-install-gutters.cfm","2016-09-09","2023-11-28"
7,"-","https://www.bing.com/ditu/?q=helmets&mkt=zh&FORM=HDRSC8","https://www.gutterhelmet.com/",93,46,10,"website","2017-05-18","2017-05-18"
8,"-","https://www.pbs.org/hometime/tv/ps/06/2025urban_porch.htm","https://www.gutterhelmet.com/",93,44,4,"www.gutterhelmet.com","2017-04-21","2018-01-20"
9,"-","https://www.bloglovin.com/blogs/kravelv-14406875/gutter-protection-why-your-home-needs-it-5800368839","https://www.gutterhelmet.com/blog/5-types-gutter-guard-systems-best/",93,44,14,"gutter protection","2018-05-30","2019-12-19"
10,"Walhalla+South+Carolina - Yahoo Search Results","https://sports.search.yahoo.com/search?p=Walhalla%2BSouth%2BCarolina&fr2=piv-answers&b=21&pz=10&bct=0&xargs=0","https://www.gutterhelmet.com/dealers/",93,42,7,"gutter helmet dealers find a nearby dealer by zipcode","2017-09-24","2017-09-24"
11,"What Happens if You Don't Clean Gutters? | ehow","https://www.ehow.com/info_8276679_happens-dont-clean-gutters.html","https://www.gutterhelmet.com/gutters/clogged-gutters.cfm",92,49,6,"gutter helmet clogged gutters and debris in gutters","2016-09-18","2026-06-30"
12,"WEB DIRECTORY","https://daisye.pages.dev/04/RDOnVMaThR","https://gutterhelmet.com/",92,42,"-","gutterhelmet.com","2024-03-18","2026-05-23"
13,"Infinity Home Improvement, Inc. | BBB Business Profile | Better Business Bureau","https://www.bbb.org/us/mi/wyoming/profile/home-improvement/infinity-home-improvement-inc-0372-17004548","https://www.gutterhelmet.com/dealers/?search=49509",91,51,5,"gutterhelmet.com/dealers/...","2025-04-23","2026-07-12"
14,"Home Improvement","https://pages.cs.wisc.edu/%7Ebolo/house/improvement.html","https://www.gutterhelmet.com/",91,47,1,"gutter helmet","2016-07-05","2026-07-03"
15,"roof - Can gutters be installed on top of shingles? - Home Improvement Stack Exchange","https://diy.stackexchange.com/questions/214128/can-gutters-be-installed-on-top-of-shingles","https://www.gutterhelmet.com/blog/the-history-of-gutters-a-timeline/",91,45,9,"more than you want to know","2023-10-16","2025-12-08"
16,"Home & Garden Show Raised 3K | Severna Park, MD Patch","https://patch.com/maryland/severnapark/home-garden-show-raised-3k","https://www.gutterhelmet.com/",91,42,1,"gutter helmet systems","2018-02-22","2022-10-26"
17,"Gutter Helmet® Announces Markets Open for Dealership Opportunities","https://www.prweb.com/releases/gutter_helmet_announces_markets_open_for_dealership_opportunities/prweb12973825.htm","https://www.gutterhelmet.com/",91,42,6,"gutter helmet®","2023-10-30","2026-06-28"
18,"5 Year SEO Meetup Anniversary Party! , Tue, Feb 15, 2011, 6:30 PM   | Meetup","https://www.meetup.com/bostonseo/events/16010571/","https://gutterhelmet.com/",91,42,1,"http://gutterhelmet.com","2025-11-04","2026-08-16"
19,"Gutter Helmet - Wyoming, MI 49509 - Business Listings Directory powered by Homestead Technologies","https://listings.homestead.com/info-gutter-helmet-wyoming-mi-1","https://gutterhelmet.com/",91,41,5,"http://gutterhelmet.com","2021-09-04","2021-09-04"
20,"-","https://www.startribune.com/helmet-for-heroes-honoring-veterans-with-free-gutter-protection/601105524","https://www.gutterhelmet.com/",91,40,5,"gutter helmet corporate","2024-08-27","2025-02-02"
21,"Skinny on the Home","https://skinnyonthehome.podbean.com/","https://www.gutterhelmet.com/",90,45,5,"gutter helmet","2021-03-31","2021-03-31"
22,"-","https://ow.ly/95ioC","https://www.gutterhelmet.com/gutter-repair.cfm",90,44,"-","-","2021-03-15","2021-06-24"
23,"Xtreme Gutter Guard Warranty","https://akeenectarineprunekaiden.web.app/gallery/xtreme-gutter-guard-warranty.html","https://www.gutterhelmet.com/wp-content/uploads/2018/09/file-17.jpg",90,38,"-","why gutter helmet is a better option than gutter screens","2021-03-25","2021-07-04"
24,"Promote your business at Willougyby Artsfest!!","https://myemail.constantcontact.com/Promote-your-business-at-Willougyby-Artsfest--.html?soid=1011121158898&aid=5OagXMUNOR0","https://www.gutterhelmet.com/",90,43,1,"-","2017-06-26","2026-04-14"
25,"What is the cost of 'gutter helmet' and the like? | Houzz Forum","https://www.houzz.com/discussions/2598911/what-is-the-cost-of-gutter-helmet-and-the-like","https://www.gutterhelmet.com/",89,48,1,"www.gutterhelmet.com","2026-05-08","2026-05-08"
26,"-","https://local.yahoo.com/info-33088103","https://www.gutterhelmet.com/",89,39,2,"website","2018-08-06","2024-11-23"
27,"-","https://forums.anandtech.com/threads/help-me-clean-tall-gutters-2-story.2402052/","https://www.gutterhelmet.com/",89,38,5,"http://www.gutterhelmet.com/","2018-02-18","2023-03-17"
28,"Ask.com - What's Your Question?","https://www.ask.com/web?q=Tips+for+Hanging+Outdoor+Christmas+Lights&qo=relatedSearchNarrow&o=0&l=dir","https://www.gutterhelmet.com/safety-tips-hanging-outdoor-christmas-lights/",88,40,21,"safety tips for hanging outdoor christmas lights gutter helmet","2024-03-28","2024-09-29"
29,"Gutter Helmet  Hope, IN Coppersmiths - MapQuest","https://www.mapquest.com/us/indiana/gutter-helmet-365077336","https://www.gutterhelmet.com/",87,41,15,"website","2019-01-04","2021-02-13"
30,"Best 13 Roofing Contractors in Springhill, LA with Reviews | The Real Yellow Pages®","https://www.yellowpages.com/springhill-la/roofing-contractors","https://www.gutterhelmet.com/",85,46,2,"website","2024-11-30","2026-08-02"
31,"Help to minimise noise from rainwater on the window sil — MoneySavingExpert Forum","https://forums.moneysavingexpert.com/discussion/5820548/help-to-minimise-noise-from-rainwater-on-the-window-sil","https://www.gutterhelmet.com/blog/10-tips-for-silencing-noisy-rain-gutters/",85,37,1,"web page","2021-08-16","2025-03-30"
32,"Mobile Responsive Issue - CMS & WordPress - SitePoint Forums | Web Development & Design Community","https://www.sitepoint.com/community/t/mobile-responsive-issue/230977","https://www.gutterhelmet.com/quote/",84,37,1,"http://www.gutterhelmet.com/quote/","2024-12-23","2026-08-31"
33,"Gutter Helmet Systems of Alabama, LLC | Birmingham, AL 35242 - Angi","https://match.angi.com/rated.GutterHelmet.114686428.html","https://www.gutterhelmet.com/",83,37,2,"www gutterhelmet com","2024-02-18","2025-05-24"
34,"Leaky rain gutters can make house less efficient – The Morning Call","https://www.mcall.com/2006/04/16/leaky-rain-gutters-can-make-house-less-efficient/","https://www.gutterhelmet.com/",83,37,1,"http://www.gutterhelmet.com","2024-06-03","2026-06-12"
35,"-","https://www.hometalk.com/posts/repair/home-exterior/q-what-are-the-best-rain-gutters-do-the-ones-with-built-in-screens-real-37586897","https://www.gutterhelmet.com/6-tips-for-choosing-the-best-rain-gutters-for-your-home/",81,38,1,"https://www.gutterhelmet.com/blog/6-tips-for-choosing-the-best-rain-gutters-for-your-home/","2024-05-14","2024-05-14"
36,"-","https://www.homeadvisor.com/rated.GutterHelmetOfIdaho.15213957.html","https://www.gutterhelmet.com/",80,44,1,"www.gutterhelmet.com","2017-09-28","2017-09-30"
37,"-","https://ysabetwordsmith.dreamwidth.org/10193965.html","https://www.gutterhelmet.com/blog/the-history-of-gutters-a-timeline/",80,42,"-","gutter history","2017-04-18","2019-04-04"
38,"-","https://www.zoominfo.com/companies-search/location-usa--florida--jacksonville-industry-home-improvement-hardware-retail","https://www.gutterhelmet.com/",80,37,2,"www.gutterhelmet.com","2019-10-23","2020-01-31"
39,"Why You Should Check Your Gutters Before the Next Heavy Rain","https://nj1015.com/check-gutters-guard-helmet/","https://www.gutterhelmet.com/4-lifesaving-gutter-cleaning-safety-tips/",80,33,8,"4 lifesaving gutter cleaning safety tips","2024-11-14","2026-06-16"
40,"How Much Does a Gutter Guard Cost to Install? - Bob Vila","https://www.bobvila.com/articles/gutter-guard-cost/","https://www.gutterhelmet.com/",79,51,2,"gutter helmet","2022-09-03","2026-06-26"
41,"Rain Chains & Musical Drains: Downspout Alternatives Put Drainage on Display - 99% Invisible","https://99percentinvisible.org/article/rain-chains-creative-downspout-alternatives-put-water-drainage-display/","https://www.gutterhelmet.com/blog/the-history-of-gutters-a-timeline/",79,44,5,"none of these basic systems are new","2017-08-10","2026-06-25"
42,"-","https://folkd.com/detail/www.gutterhelmet.com%2Fgutters.cfm","https://www.gutterhelmet.com/gutters.cfm",79,39,1,"gutters and common types of gutters - gutterhelmet.com","2023-03-17","2023-03-17"
43,"-","https://ift.tt/2vgbgj0","https://www.gutterhelmet.com/blog/the-history-of-gutters-a-timeline/",79,39,"-","-","2017-10-28","2020-06-18"
44,"Gutter Helmet Of Eastern Shore. Gutter Contractor - Salisbury, MD. Projects, photos, reviews and more | Porch","https://pro.porch.com/salisbury-md/gutter-specialists/gutter-helmet-of-eastern-shore-26063962/pp","https://www.gutterhelmet.com/",79,37,1,"http://www.gutterhelmet.com","2024-05-20","2026-04-23"
45,"-","https://www.dslreports.com/forum/r27577515-Best-way-to-clean-gutters","https://www.gutterhelmet.com/",79,34,12,"www.gutterhelmet.com/","2017-07-23","2018-07-10"
46,"Gutter Helmet of Northern Minnesota  | Never clean your gutters again!","https://pages.duluthnewstribune.com/GutterHelmetNM","https://www.gutterhelmet.com/",78,36,1,"https://www.gutterhelmet.com/","2019-10-31","2026-01-24"
47,"-","https://kk.org/cooltools/guttershutter/","https://www.gutterhelmet.com/",78,35,12,"gutter helmet","2016-09-22","2017-05-13"
48,"Top 10 Sites about Gutter Guards | Xmarks","https://www.xmarks.com/topic/gutter_guards","https://www.gutterhelmet.com/",78,34,79,"-","2017-12-04","2018-03-18"
49,"Let Us Take A Look At Custom Shutters.","https://linde19murray.onesmablog.com/Let-Us-Take-A-Look-At-Custom-Shutters--23262399","https://www.gutterhelmet.com/wp-content/uploads/2017/01/gutter-protection.jpg",77,38,14,"home maintenance carroll pa","2019-08-01","2019-08-01"
50,"The right way to Do Proper Window Cleaning","https://flynn11higgins.pointblog.net/The-right-way-to-Do-Proper-Window-Cleaning-22304120","https://www.gutterhelmet.com/wp-content/uploads/2017/01/gutter-protection.jpg",77,37,25,"gutter cleaning carson ca","2019-07-05","2019-07-09"
51,"-","https://www.wishtv.com/lifestylelive/sammy-terry-helps-explain-how-gutter-helmet-saves-people-from-cleaning-gutters-ever-again/","https://www.gutterhelmet.com/",77,35,1,"click here","2022-10-28","2023-08-31"
52,"5 Favorites: Gutter Guards - Gardenista","https://www.gardenista.com/posts/mesh-gutter-leaf-guard/","https://www.gutterhelmet.com/quote/",76,41,1,"gutter helmet","2021-01-03","2026-06-29"
53,"The truth about home gutter guards | Inman Real Estate News","https://www.inman.com/2006/10/27/truth-about-home-gutter-guards/","https://www.gutterhelmet.com/",76,35,"-","www.gutterhelmet.com","2021-09-12","2026-07-07"
54,"Gutter Helmet has tips on how to clean your gutters safely","https://fox59.com/indy-now/gutter-helmet-has-tips-on-how-to-clean-your-gutters-safely/","https://www.gutterhelmet.com/",75,38,12,"gutter helmet","2022-02-17","2026-06-23"
55,"Gutter Helmet vs LeafGuard Pros and Cons @ PissedConsumer Help Center","https://help-center.pissedconsumer.com/protecting-your-gutters-gutter-helmet-vs-leafguard/","https://www.gutterhelmet.com/",74,44,28,"gutter helmet price","2024-08-26","2026-08-19"
56,"Window Cleaning Tips","https://sutton25gorman.ampblogs.com/Window-Cleaning-Tips-22917260","https://www.gutterhelmet.com/wp-content/uploads/2012/09/8-Ways-to-Save-Money-on-Gutter-Cleaning.jpg",74,38,28,"carrollton mi","2019-03-22","2019-12-12"
57,"Gutter Helmet 2026 Company Profile: Valuation, Investors, Acquisition | PitchBook","https://pitchbook.com/profiles/company/150647-41","https://www.gutterhelmet.com/",74,37,1,"www.gutterhelmet.com","2018-07-17","2026-08-31"
58,"When, Why and How to Clean Your Gutters and Downspouts Safely and Properly","https://knoji.com/article/when-why-and-how-to-clean-your-gutters-and-downspouts-safely-and-properly/","https://www.gutterhelmet.com/",74,37,3,"http://www.gutterhelmet.com/","2023-04-11","2025-12-05"
59,"Extreme Sales Summit 2014","https://na.eventscloud.com/ehome/ess2014/home/www.surefiresocial.com","https://www.gutterhelmet.com/",74,36,4,"-","2020-03-13","2026-06-24"
60,"-","https://topwebdirectoy.com/most-visited-site-376/","https://gutterhelmet.com/",73,45,7,"gutterhelmet.com","2023-05-19","2025-03-03"
61,"Best 30 Gutter Cleaning in Minneapolis, MN | superpages.com","https://www.superpages.com/minneapolis-mn/gutters-downspouts-cleaning","https://www.gutterhelmet.com/",73,42,3,"visit website","2024-06-26","2026-02-23"
62,"Matchless Tips About How To Get Rid Of Ice Damns  - Strangertourist2","https://strangertourist2.pythonanywhere.com/how-to-get-rid-of-ice-damns.html","https://www.gutterhelmet.com/wp-content/uploads/2020/12/252-1607575698-121-gutterhelmetcomdealersalaskaanchorageabc-seamless-siding2-400x270.jpg",73,40,4,"how to get rid of ice dams","2024-10-19","2026-07-12"
63,"LeafFilter vs. Gutter Helmet: Top Differences to Consider ","https://www.homedit.com/gutters/installation-companies/leaffilter-vs-gutter-helmet/","https://www.gutterhelmet.com/dealers/michigan/wyoming/gutter-helmet-of-michigan/blog/understanding-the-gutter-helmet-triple-lifetime-warranty/",73,40,1,"triple lifetime warranty","2022-12-02","2026-07-24"
64,"-","https://saintlouis.bcz.com/check-with-any-local-roofing-company-to-find-out-if-they-do-gutter-maintenance-too/","https://www.gutterhelmet.com/dealers/illinois/granite-city/gutter-helmet-of-st-louis/blog",73,40,3,"residence","2024-04-17","2024-04-17"
65,"
         Wilmington, NC Hardware Stores, Tools & Hardware | Find Hardware Stores, Tools & Hardware in Wilmington, NC      ","https://localbusiness.starnewsonline.com/profile?listingid=57522732","https://gutterhelmet.com/",73,35,1,"view website","2018-01-29","2018-01-29"
66,"Gutter Helmet Logo PNG Vector (SVG) Free Download","https://seeklogo.com/vector-logo/366931/gutter-helmet","https://www.gutterhelmet.com/",72,39,12,"gutterhelmet.com","2022-08-26","2026-07-23"
67,"-","https://activerain.com/blogsview/4945787/roofing-issues-you-should-fix-before-fall","https://www.gutterhelmet.com/when-is-it-time-for-gutter-replacement/",72,37,1,"last about 20 years","2024-06-17","2024-06-17"
68,"-","https://content.yudu.com/web/y5b2/0A3zpn7/ValpakSelectMay2017/html/2.html","https://www.gutterhelmet.com/",72,36,43,"www.gutterhelmet.com","2017-09-13","2021-08-13"
69,"Gutter Helmet of Northern Minnesota - zzz DEFUNCT St. Cloud Times (MN)","https://admin.local.sctimes.com/culver-mn/gutter-helmet-of-northern-minnesota-218-259-1272","https://www.gutterhelmet.com/dealers/minnesota/culver/gutter-helmet-of-northern-minnesota",72,33,1,"https://www.gutterhelmet.com/dealers/minnesota/culver/gutter-helmet-of-northern-minnesota","2020-07-16","2023-12-07"
70,"-","https://buff.ly/2G3yhbj","https://www.gutterhelmet.com/growing-sprouts-microgreens-for-nutrition-in-winter/",71,38,"-","-","2024-05-21","2025-02-24"
71,"20 Best Gutter Cleaning Blogs to Follow in 2026","https://bloggers.feedspot.com/gutter_cleaning_blogs/","https://www.gutterhelmet.com/proudly-unfiltered/",71,37,"-","https://www.gutterhelmet.com/proudly-unfiltered/","2025-10-23","2026-08-10"
72,"-","https://www.doityourself.com/forum/roofing-gutters-all-waterproofing-anywhere/393819-gutter-guards.html","https://www.gutterhelmet.com/how_it_works.cfm",71,36,2,"gutter protection how the gutter helmet system works gutterhelmet com","2020-01-22","2020-01-22"
73,"-","https://stg-ipvc-cdnlogs-kafka-03.cdn.spectrum.net/logo/gutter-helmet","https://www.gutterhelmet.com/",71,32,11,"http://www.gutterhelmet.com/","2024-12-23","2024-12-23"
74,"
  Gutter Helmet Offers Industry-Leading Leaf-Free Gutter Guard Solutions
  
","https://www.einpresswire.com/article/797235214/gutter-helmet-offers-industry-leading-leaf-free-gutter-guard-solutions","https://www.gutterhelmet.com/",70,38,5,"gutter helmet","2026-03-20","2026-06-24"
75,"gutters in Beavertown, PA | Reviews - Yellowbook","https://www.yellowbook.com/s/gutters/beavertown-pa/","https://www.gutterhelmet.com/",70,36,5,"website","2021-06-29","2021-06-29"
76,"-","https://webjunctiondirectory.com/most-visited-site-376/","https://gutterhelmet.com/",69,45,6,"gutterhelmet.com","2023-05-17","2025-03-05"
77,"-","https://topdomadirectory.com/most-visited-site-376/","https://gutterhelmet.com/",69,44,7,"gutterhelmet.com","2023-05-18","2025-03-09"
78,"Hurricane Irene in Google Earth - Google Earth Blog","https://www.gearthblog.com/blog/archives/2011/08/hurricane_irene_in_google_earth.html","https://www.gutterhelmet.com/",69,36,1,"gutterhelmet","2016-06-04","2022-08-23"
79,"Company aims to shield, protect gutters | KRDO","https://krdo.com/lifestyle/back-to-business/2020/06/30/company-aims-to-shield-protect-gutters/","https://www.gutterhelmet.com/",69,35,1,"here","2020-07-04","2026-08-03"
80,"Free $4,000 gutter system honors Vanderbilt veteran’s service through Helmet for Heroes","https://upnorthlive.com/news/local/free-4000-gutter-system-honors-vanderbilt-veterans-service-through-helmet-for-heroes","https://www.gutterhelmet.com/helmet-for-heroes/",69,34,2,"“helmet for heroes”","2026-05-12","2026-08-14"
81,"-","https://webrankdirectory.com/most-visited-site-376/","https://gutterhelmet.com/",69,34,7,"gutterhelmet.com","2023-05-24","2025-03-13"
82,"-","https://websitehubdirectory.com/most-visited-site-376/","https://gutterhelmet.com/",69,33,7,"gutterhelmet.com","2023-05-26","2025-03-13"
83,"How to Design an Herb Garden With Recycled Goods","https://www.weekand.com/home-garden/article/design-herb-garden-recycled-goods-18024791.php","https://www.gutterhelmet.com/blog/how-to-create-your-own-vertical-gutter-garden/",69,30,5,"gutter helmet create your own vertical gutter garden","2026-04-03","2026-07-07"
84,"-","https://webhubdirectory.com/most-visited-site-376/","https://gutterhelmet.com/",68,45,7,"gutterhelmet.com","2023-05-17","2025-03-01"
85,"How to Choose Gutter Colors (Gutter Color Chart Selector) (2026) | Today's Homeowner","https://todayshomeowner.com/gutters/guides/gutter-colors/","https://www.gutterhelmet.com/blog/4-tips-for-choosing-the-right-gutter-color-for-your-home/",68,44,1,"look into local rules and guidelines","2023-05-11","2026-07-04"
86,"How to Prevent Ice Dams Before They Start - Dengarden","https://dengarden.com/home-projects/how-to-prevent-ice-dams","https://www.gutterhelmet.com/5-common-locations-for-ice-dams-on-a-roof/",68,32,5,"80 of ice dams form along the eaves","2026-02-24","2026-05-31"
87,"-","https://www.instantcheckmate.com/people/ashley-reddington/","https://gutterhelmet.com/",68,31,2,"gutter helmet","2023-02-20","2023-02-20"
88,"60% OFF Gutterhelmet.Com Coupon Code | Promo Code | May-2021","https://www.couponupto.com/deals/gutterhelmet-com","https://www.gutterhelmet.com/",68,29,1,"https://www.gutterhelmet.com","2021-05-20","2021-05-20"
89,"Gutter Helmet Review 2026: Is the Triple Warranty Worth It?","https://modernize.com/gutters/best-gutter-brands/gutter-helmet","https://www.gutterhelmet.com/our-products/",67,36,1,"diagram showing how gutter helmet's reverse curve design channels water into the gutter while shedding debris","2025-03-18","2026-07-26"
90,"Are Gutter Guards Worth the Cost? | Fixr.com","https://www.fixr.com/articles/are-gutter-guards-worth-the-cost","https://www.gutterhelmet.com/",67,35,16,"gutter helmet","2023-05-12","2026-07-12"
91,"Home repair needs for students who are renting close to school - World leading higher education information and services","https://world.edu/home-repair-needs-for-students-who-are-renting-close-to-school/","https://www.gutterhelmet.com/5-signs-of-a-pest-infestation/",67,32,2,"signs of pests","2024-08-26","2026-07-03"
92,"-","https://www.finehomebuilding.com/2019/09/13/podcast-197-accurate-estimating-preventing-clogged-gutters-and-making-solar-panels-look-good","https://www.gutterhelmet.com/",66,38,1,"gutter helmet","2019-09-13","2025-12-23"
93,"-","https://www.brandsoftheworld.com/logo/gutter-helmet","https://www.gutterhelmet.com/",66,37,3,"http://www.gutterhelmet.com/","2017-12-07","2024-12-02"
94,"-","https://webworthdirectory.com/most-visited-site-376/","https://gutterhelmet.com/",66,33,7,"gutterhelmet.com","2023-05-28","2025-03-18"
95,"-","https://www.knows.nl/url/gutterhelmet.com","https://gutterhelmet.com/",66,26,8,"gutterhelmet.com","2018-09-27","2022-05-22"
96,"Gutter Helmet - Observer-Reporter","https://local.observer-reporter.com/pittsburgh-pa/gutter-helmet-724-503-6265","https://www.gutterhelmet.com/",65,33,2,"roofers in washington pa","2020-08-05","2026-07-05"
97,"-","https://www.tpsearchtool.com/images/display-american-flag","https://www.gutterhelmet.com/wp-content/uploads/2018/06/file-24.jpg",65,24,2,"how to properly display an american flag","2023-03-31","2024-12-03"
98,"-","https://www.sooperarticles.com/authors/371986/gutter-helmet.html","https://www.gutterhelmet.com/",64,34,3,"http://www.gutterhelmet.com","2020-05-06","2024-08-04"
99,"-","https://skyscraperpage.com/forum/showthread.php?t=172843&page=2","https://www.gutterhelmet.com/",64,32,8,"gutter helmet","2021-09-01","2021-09-01"
100,"🏆🏆Boost your Google rankings with Premium PBN & Link Building🏆🏆","https://cvillico.com/all/1265/15.html","https://gutterhelmet.com/",64,22,7,"high quality dofollow backlinks da 50 pa 40 premium pbn network service gutterhelmet.com rank first page google fast seo link building buy backlinks online cheap","2026-08-17","2026-08-17"
101,"-","https://www.selfgrowth.com/articles/how-to-lose-the-baby-weight-in-9-months","https://www.gutterhelmet.com/",63,35,19,"gutter guards","2021-05-30","2023-06-07"
102,"Why you should consider getting gutter helmets | WSYR","https://www.localsyr.com/bridge-street/why-you-should-consider-getting-gutter-helmets/","https://www.gutterhelmet.com/",63,33,1,"gutterhelmet.com","2022-10-04","2026-08-31"
103,"Gutter Helmet | Builder Magazine","https://www.builderonline.com/manufacturer/gutter-helmet/","https://www.gutterhelmet.com/",63,33,1,"visit website","2025-06-23","2026-08-07"
104,"Gutter Helmet of Northern Minnesota - Culver, MN - Business Directory","https://www.dandb.com/businessdirectory/gutterhelmetofnorthernminnesota-culver-mn-111743259.html","https://www.gutterhelmet.com/dealers/minnesota/mankato/gh-of-northern-minnesota/",63,32,32,"http://www.gutterhelmet.com/dealers/minnesota/mankato/gh-of-northern-minnesota/","2022-01-11","2022-01-11"
105,"-","https://www.newsforpublic.com/managing-water-overflows/","https://www.gutterhelmet.com/",63,28,1,"maintenance of gutters","2024-07-17","2025-12-29"
106,"-","https://forum.nachi.org/t/metal-roof-vs-shingle-roof-runoff-trajectory/225921","https://www.gutterhelmet.com/",62,38,1,"gutter helmet never clean your gutters again","2025-03-02","2025-10-27"
107,"-","https://www.corvetteforum.com/forums/off-topic/2419822-no-clog-gutters.html","https://www.gutterhelmet.com/",62,33,1,"http://www.gutterhelmet.com/","2022-06-10","2022-10-08"
108,"Gutter Helmet - AL DÍA News","https://local.aldianews.com/pittsburgh-pa/gutter-helmet-724-503-6265","https://www.gutterhelmet.com/",62,32,6,"roofers in washington pa","2021-07-25","2024-08-19"
109,"website new list1747 | Topbillion Directory","https://topbilliondirectory.com/website-new-list1747/","https://gutterhelmet.com/",62,32,6,"gutterhelmet","2023-02-19","2026-07-10"
110,"Domains on ip 54.86.81.229","https://domains.tntcode.com/ip/54.86.81.229","https://gutterhelmet.com/",62,32,15,"-","2024-12-13","2026-07-04"
111,"-","https://webtechsurvey.com/response-header/sfs-cache-proxy-no-cache/websites","https://www.gutterhelmet.com/",62,25,1,"-","2021-09-24","2022-01-05"
112,"🏆🏆Boost your Google rankings with Premium PBN & Link Building🏆🏆","https://www.cmocheatsheets.com/all/1265/15.html","https://gutterhelmet.com/",62,23,6,"high quality dofollow backlinks da 50 pa 40 premium pbn network service gutterhelmet.com rank first page google fast seo link building buy backlinks online cheap","2026-08-14","2026-08-14"
113,"Business Directory | Hometown Focus | Discover MN - Virginia, MN","https://hometownfocus.our-hometown.com/advertiser_profiles","https://gutterhelmet.com/",61,31,1,"gutterhelmet.com","2017-04-13","2019-03-26"
114,"🏆🏆Boost your Google rankings with Premium PBN & Link Building🏆🏆","https://mymarketpost.com/all/1265/15.html","https://gutterhelmet.com/",61,21,7,"high quality dofollow backlinks da 50 pa 40 premium pbn network service gutterhelmet.com rank first page google fast seo link building buy backlinks online cheap","2026-08-18","2026-08-21"
115,"Selling a House With a Leaky Basement: Leave It Be or Waterproof?","https://www.homelight.com/blog/selling-a-house-with-a-leaky-basement/","https://www.gutterhelmet.com/blog/downspout-extender-part-1-protect-home-threat-basement-flooding/",60,41,1,"three feet away from the house","2026-03-12","2026-06-17"
116,"-","https://dokumen.tips/documents/baltimore-jewish-home-6-23-16.html","https://www.gutterhelmet.com/",60,38,5,"http://www.gutterhelmet.com/","2023-08-18","2024-02-26"
117,"The Globe - The world's most visited web pages","https://78-69-18-135-no49.tbcn.telia.com/the_worlds_most_visited_web_pages_624.html","https://www.gutterhelmet.com/",60,36,11,"624617. gutterhelmet.com","2020-07-20","2024-03-25"
118,"-","https://www.chamberofcommerce.com/grand-rapids-mi/1330835757-gutter-helmet-of-northern-minnesota","https://www.gutterhelmet.com/dealers/minnesota/mankato/gh-of-northern-minnesota",60,35,12,"www.gutterhelmet.com/dealers/minnesota/mankato/gh-of-northern-minnesota","2018-09-22","2019-02-26"
119,"Gutter Protection: Why Your Home Needs It - Kravelv","https://www.kravelv.com/gutter-protection-why-your-home-needs-it/","https://www.gutterhelmet.com/blog/5-types-gutter-guard-systems-best/",60,32,4,"gutter protection","2017-09-08","2026-06-28"
120,"How Often Should You Prune Trees to Keep Them Healthy? | RealEstateRama","https://www.realestaterama.com/how-often-should-you-prune-trees-to-keep-them-healthy-ID049136.html","https://www.gutterhelmet.com/why-you-shouldnt-prune-trees-and-bushes-in-the-fall/",60,28,1,"damage or even kill","2024-05-17","2026-08-15"
121,"-","https://www.soundflare.xyz/play/gordon.html","https://gutterhelmet.com/",60,20,61,"www.soundflare.xyz","2021-10-28","2021-10-28"
122,"🏆🏆Boost your Google rankings with Premium PBN & Link Building🏆🏆","https://www.plumeriamarketing.com/all/146/1.html","https://gutterhelmet.com/",60,20,41,"high quality dofollow backlinks da 50 pa 40 premium pbn network service gutterhelmet.com rank first page google fast seo link building buy backlinks online cheap","2026-06-28","2026-06-28"
123,"Gutter Helmet Of Wasatch Front
        in Sandy, UT

    - YellowBot","https://www.yellowbot.com/gutter-helmet-of-wasatch-front-sandy-ut.html","https://www.gutterhelmet.com/",59,35,3,"gutterhelmet.com","2017-06-08","2026-05-21"
124,"Question re: Eavestroughs/Leafguard + Pine Needles - RedFlagDeals.com Forums","https://forums.redflagdeals.com/question-re-eavestroughs-leafguard-pine-needles-2081741/","https://www.gutterhelmet.com/but",59,33,2,"https://www.gutterhelmet.com/but","2017-05-09","2026-06-16"
125,"-","https://www.thehulltruth.com/dockside-chat/684762-gutter-guard-recommendations.html","https://www.gutterhelmet.com/how-it-works/",59,33,1,"http://www.gutterhelmet.com/how-it-works/","2019-12-30","2019-12-30"
126,"Roofing Products - Web Directory","https://directory.r-tt.com/Home/Home_Improvement-Roofing_Products/","https://www.gutterhelmet.com/",59,32,14,"gutter helmet reg the 1 rain gutter system","2019-02-14","2026-07-10"
127,"Downspout — Grokipedia","https://grokipedia.com/page/Downspout","https://www.gutterhelmet.com/the-history-of-gutters-a-timeline/",59,31,7,"the history of gutters a timeline","2026-01-16","2026-07-25"
128,"Gutter Helmet of Northern Minnesota - The Tribune (Detroit Lakes)","https://admin.local.dl-online.com/culver-mn/gutter-helmet-of-northern-minnesota-218-259-1272","https://www.gutterhelmet.com/dealers/minnesota/culver/gutter-helmet-of-northern-minnesota",59,30,1,"https://www.gutterhelmet.com/dealers/minnesota/culver/gutter-helmet-of-northern","2021-08-26","2026-07-25"
129,"-","https://websitedetection.com/web-site-list-3220","https://gutterhelmet.com/",59,24,12,"gutterhelmet.com","2020-01-16","2023-02-19"
130,"-","https://insideheadline.com/gutter-guards-101-how-they-work-how-much-they-cost-and-more/","https://www.gutterhelmet.com/dealers/alabama/chelsea/gutter-helmet-systems-of-alabama/blog",59,21,58,"permalife","2024-08-03","2024-08-03"
131,"🏆🏆Boost your Google rankings with Premium PBN & Link Building🏆🏆","https://mylisthero.com/all/1265/15.html","https://gutterhelmet.com/",59,20,7,"high quality dofollow backlinks da 50 pa 40 premium pbn network service gutterhelmet.com rank first page google fast seo link building buy backlinks online cheap","2026-08-25","2026-08-28"
132,"🏆🏆Boost your Google rankings with Premium PBN & Link Building🏆🏆","https://lydiaroyrealestate.com/all/146/1.html","https://gutterhelmet.com/",59,19,39,"high quality dofollow backlinks da 50 pa 40 premium pbn network service gutterhelmet.com rank first page google fast seo link building buy backlinks online cheap","2026-07-21","2026-07-21"
133,"🏆🏆Boost your Google rankings with Premium PBN & Link Building🏆🏆","https://phanerosart.com/all/1265/15.html","https://gutterhelmet.com/",59,17,12,"high quality dofollow backlinks da 50 pa 40 premium pbn network service gutterhelmet.com rank first page google fast seo link building buy backlinks online cheap","2026-08-15","2026-08-15"
134,"Gutter Helmet Company Profile | Management and Employees List","https://www.datanyze.com/companies/gutter-helmet/16957931","https://www.gutterhelmet.com/",58,37,2,"www.gutterhelmet.com","2021-11-02","2026-06-26"
135,"-","https://www.hotfrog.com/search/ny/helmets","https://gutterhelmet.com/",58,36,37,"website","2019-10-06","2020-01-06"
136,"-","https://ebusinesspages.com/Definitive-Gutter-Helmet_aln2z.co","https://www.gutterhelmet.com/",58,35,12,"www.gutterhelmet.com","2018-10-07","2019-08-26"
137,"-","https://zindorf.splitcoaststampers.com/2011/05/10/fast-fabulous-stamp-set-blog-candy/","https://www.gutterhelmet.com/",58,34,1,"gutterhelmet","2019-12-30","2019-12-30"
138,"Pittrvshow.com - анализ сайта, seo характеристики сайта - питтрвшов точка ком","https://prlog.ru/analysis/pittrvshow.com","https://gutterhelmet.com/",58,34,13,"gutterhelmet.com/","2020-06-16","2026-04-04"
139,"Gutter Helmet | The Org","https://theorg.com/org/gutter-helmet","https://gutterhelmet.com/",58,33,7,"-","2020-03-17","2026-07-22"
140,"-","https://www.pressreleasepoint.com/energy-efficient-%E2%80%9Cheated-helmet%E2%80%9D-helps-prevent-winter-ice-dams-gutters","https://www.gutterhelmet.com/",58,31,13,"gutter helmet","2023-10-18","2023-10-18"
141,"-","https://businessdirectory.grandhaventribune.com/profile?listingid=7843366","https://gutterhelmet.com/",58,30,1,"view website","2018-02-01","2018-02-01"
142,"Internet Marketing Taking Center Stage for Online Businesses-353 | Article Ment","https://articlement.com/internet-marketing-taking-center-stage-for-online-businesses-353/","https://gutterhelmet.com/",57,41,4,"gutterhelmet","2022-08-29","2026-06-23"
143,"Top 30 Window Cleaning in Pawtucket, RI | DexKnows.com","https://www.dexknows.com/pawtucket-ri/window-cleaning","https://www.gutterhelmet.com/",57,36,5,"icon external link","2023-09-22","2026-05-12"
144,"Ask Me Help Desk -  Gutter covers and cleaning","https://www.askmehelpdesk.com/exterior-home-improvement/gutter-covers-cleaning-800466-print.html","https://www.gutterhelmet.com/how-it-works/",57,33,7,"find out how our gutter protection system works here gutter helmet","2019-09-20","2026-05-11"
145,"The Reach of Internet Marketing-436 | Way Ranks","https://wayranks.com/blog/the-reach-of-internet-marketing-436/","https://gutterhelmet.com/",57,32,4,"https://gutterhelmet.com","2022-06-05","2026-07-04"
146,"DIY Backyard Movie Screen & Host A Movie Party - Design Dazzle","https://www.designdazzle.com/summer-camp-make-your-own-backyard-movie-screen-host-a-movie-party/","https://www.gutterhelmet.com/how-to-win-your-next-rain-gutter-regatta/",57,32,1,"https://www.gutterhelmet.com/blog/how-to-win-your-next-rain-gutter-regatta/","2024-04-27","2026-07-09"
147,"-","https://forums.diydoctor.org.uk/question-on-rain-gutters-t33680.html","https://www.gutterhelmet.com/",57,32,1,"http://www.gutterhelmet.com/","2024-10-02","2025-01-08"
148,"-","https://idmoz.org/Business/Construction_and_Maintenance/Materials_and_Supplies/Thermal_and_Moisture/Roof_Specialties_and_Accessories","https://www.gutterhelmet.com/",57,24,3,"17 gutter helmet","2020-03-02","2024-11-28"
149,"🏆🏆Boost your Google rankings with Premium PBN & Link Building🏆🏆","https://fletcherrld.com/all/1265/15.html","https://gutterhelmet.com/",57,20,14,"high quality dofollow backlinks da 50 pa 40 premium pbn network service gutterhelmet.com rank first page google fast seo link building buy backlinks online cheap","2026-08-16","2026-08-16"
150,"🏆🏆Boost your Google rankings with Premium PBN & Link Building🏆🏆","https://thedocmag.com/all/1265/15.html","https://gutterhelmet.com/",57,19,1,"high quality dofollow backlinks da 50 pa 40 premium pbn network service gutterhelmet.com rank first page google fast seo link building buy backlinks online cheap","2026-08-24","2026-08-24"
151,"🏆🏆Boost your Google rankings with Premium PBN & Link Building🏆🏆","https://expresskitchendesigns.com/all/1265/15.html","https://gutterhelmet.com/",57,19,6,"high quality dofollow backlinks da 50 pa 40 premium pbn network service gutterhelmet.com rank first page google fast seo link building buy backlinks online cheap","2026-08-16","2026-08-16"
152,"🏆🏆Boost your Google rankings with Premium PBN & Link Building🏆🏆","https://juaralaundry.com/all/1265/15.html","https://gutterhelmet.com/",57,18,6,"high quality dofollow backlinks da 50 pa 40 premium pbn network service gutterhelmet.com rank first page google fast seo link building buy backlinks online cheap","2026-08-16","2026-08-16"
153,"🏆🏆Boost your Google rankings with Premium PBN & Link Building🏆🏆","https://blogerreviewers.com/all/1265/15.html","https://gutterhelmet.com/",57,18,6,"high quality dofollow backlinks da 50 pa 40 premium pbn network service gutterhelmet.com rank first page google fast seo link building buy backlinks online cheap","2026-08-19","2026-08-19"
154,"🏆🏆Boost your Google rankings with Premium PBN & Link Building🏆🏆","https://onlineshoppingidea.com/all/146/1.html","https://gutterhelmet.com/",57,18,11,"high quality dofollow backlinks da 50 pa 40 premium pbn network service gutterhelmet.com rank first page google fast seo link building buy backlinks online cheap","2026-07-29","2026-08-01"
155,"-","https://developmentmi.com/easy-tips-to-choosing-a-rental-office/","https://gutterhelmet.com/",56,36,6,"gutterhelmet","2022-07-06","2025-09-21"
156,"-","https://www.viralblog.com/social-media/can-you-talk-the-ceo-into-doing-social-media/","https://www.gutterhelmet.com/",56,35,7,"gutter","2016-04-21","2024-03-07"
157,"Easy Tips to Choosing a Rental Office | Star Courts","https://starcourts.com/easy-tips-to-choosing-a-rental-office/","https://gutterhelmet.com/",56,34,7,"gutterhelmet","2022-07-03","2025-09-10"
158,"Gutter Helmet of Northern Minnesota - Echo Press","https://admin.local.echopress.com/culver-mn/gutter-helmet-of-northern-minnesota-218-259-1272","https://www.gutterhelmet.com/dealers/minnesota/culver/gutter-helmet-of-northern-minnesota",56,30,1,"https://www.gutterhelmet.com/dealers/minnesota/culver/gutter-helmet-of-northern","2020-07-28","2026-08-27"
159,"Gutter Helmet By Rainaway - Dallas - Acompio United States of America","https://www.acompio.us/Gutter-Helmet-By-Rainaway-18685922.html","https://www.gutterhelmet.com/",56,28,12,"company page","2023-01-05","2026-02-06"
160,"-","https://inspirebuddy.com/home-improvement/regular-home-maintenance/","https://www.gutterhelmet.com/",56,23,8,"tasks such as roof inspections and repairs cleaning gutters","2024-04-20","2025-12-24"
161,"Gutter Helmet - BestHelpTips.com","https://www.besthelptips.com/general-contractors/listing/110ef37fb6992bde79d5df2e0b4248a9/","https://www.gutterhelmet.com/",56,23,13,"https://www.gutterhelmet.com","2021-12-18","2026-08-06"
162,"🏆🏆Boost your Google rankings with Premium PBN & Link Building🏆🏆","https://smartstimer.com/all/1265/15.html","https://gutterhelmet.com/",56,23,7,"high quality dofollow backlinks da 50 pa 40 premium pbn network service gutterhelmet.com rank first page google fast seo link building buy backlinks online cheap","2026-08-20","2026-08-20"
163,"🏆🏆Boost your Google rankings with Premium PBN & Link Building🏆🏆","https://theforbestimes.com/all/1265/15.html","https://gutterhelmet.com/",56,22,6,"high quality dofollow backlinks da 50 pa 40 premium pbn network service gutterhelmet.com rank first page google fast seo link building buy backlinks online cheap","2026-08-16","2026-08-16"
164,"🏆🏆Boost your Google rankings with Premium PBN & Link Building🏆🏆","https://ufabettererm4.com/all/1265/15.html","https://gutterhelmet.com/",56,19,7,"high quality dofollow backlinks da 50 pa 40 premium pbn network service gutterhelmet.com rank first page google fast seo link building buy backlinks online cheap","2026-08-16","2026-08-16"
165,"🏆🏆Boost your Google rankings with Premium PBN & Link Building🏆🏆","https://archive-hu.com/all/1265/15.html","https://gutterhelmet.com/",56,19,11,"high quality dofollow backlinks da 50 pa 40 premium pbn network service gutterhelmet.com rank first page google fast seo link building buy backlinks online cheap","2026-08-16","2026-08-16"
166,"🏆🏆Boost your Google rankings with Premium PBN & Link Building🏆🏆","https://canadapsilocybin.com/all/1265/15.html","https://gutterhelmet.com/",56,19,9,"high quality dofollow backlinks da 50 pa 40 premium pbn network service gutterhelmet.com rank first page google fast seo link building buy backlinks online cheap","2026-08-17","2026-08-17"
167,"🏆🏆Boost your Google rankings with Premium PBN & Link Building🏆🏆","https://fastlifesite.com/all/1265/15.html","https://gutterhelmet.com/",56,19,12,"high quality dofollow backlinks da 50 pa 40 premium pbn network service gutterhelmet.com rank first page google fast seo link building buy backlinks online cheap","2026-08-19","2026-08-19"
168,"🏆🏆Boost your Google rankings with Premium PBN & Link Building🏆🏆","https://primenewsartical.com/all/1265/15.html","https://gutterhelmet.com/",56,18,6,"high quality dofollow backlinks da 50 pa 40 premium pbn network service gutterhelmet.com rank first page google fast seo link building buy backlinks online cheap","2026-08-10","2026-08-10"
169,"A Review of Gutter Helmet Gutter Guard","https://www.consumersadvocate.org/gutter-guard/c/gutter-helmet-gutter-guard-review","https://www.gutterhelmet.com/",55,44,3,"https://www.gutterhelmet.com/","2018-03-04","2026-06-28"
170,"Easy Tips to Choosing a Rental Office | Top To High","https://toptohigh.com/easy-tips-to-choosing-a-rental-office/","https://gutterhelmet.com/",55,41,3,"gutterhelmet","2022-07-06","2026-06-30"
171,"Psychoneuroimmunology, the Mind/Body Link to Premature Aging and Illness-346 | King Ranks","https://kingranks.com/psychoneuroimmunology-the-mind-body-link-to-premature-aging-and-illness-346/","https://gutterhelmet.com/",55,41,9,"gutterhelmet","2022-08-20","2026-07-10"
172,"
	Gutter Helmet of MInnesota - Member - Monticello, MN 55362
","https://ezlocal.com/mn/monticello/member/091532268","https://www.gutterhelmet.com/dealers/minnesota/monticello",55,35,1,"arrow out icon","2024-02-16","2026-08-11"
173,"-","https://rocketreach.co/gutter-helmet-profile_b5e4aea8f42e660e","https://www.gutterhelmet.com/",55,34,28,"http://www.gutterhelmet.com","2025-04-27","2025-09-21"
174,"-","https://webranksite.com/100k-coaching-3-secrets-for-starting-a-hyper-profitable-spiritual-coaching-business-from-scratch/","https://gutterhelmet.com/",55,34,6,"gutterhelmet","2022-10-08","2025-09-26"
175,"-","https://worldranksite.com/how-to-the-word-out-about-your-home-business/","https://gutterhelmet.com/",55,33,3,"gutterhelmet","2023-02-14","2025-06-21"
176,"-","https://www.harmonycentral.com/forums/topic/279186-i-hate-it-when-i-make-a-bad-purchaseyou/","https://www.gutterhelmet.com/",55,31,8,"http://www.gutterhelmet.com/","2025-06-16","2025-06-16"
177,"-","https://toparticlesdirectory.com/how-to-the-word-out-about-your-home-business/","https://gutterhelmet.com/",55,27,5,"gutterhelmet","2023-03-14","2025-09-23"
178,"list.show | few of top websites | page no. 973","https://www.list.show/domain-list-973","https://gutterhelmet.com/",55,22,18,"gutterhelmet.com","2025-12-26","2026-07-02"
179,"
      Leaf Guard Gutters: Prevent Ice Buildup
 – KEMF Inc.","https://kemf.ca/blogs/blogs/leaf-guard-gutters-winter-benefits-solutions","https://www.gutterhelmet.com/the-history-of-gutters-a-timeline/",55,21,1,"the history of gutters a timeline","2026-06-22","2026-06-22"
180,"-","https://advertisegold.net/the_worlds_most_visited_web_pages_624.html","https://www.gutterhelmet.com/",55,20,"-","624617. gutterhelmet.com","2021-08-26","2022-12-07"
181,"🏆🏆Boost your Google rankings with Premium PBN & Link Building🏆🏆","https://techbumppy.com/all/1265/15.html","https://gutterhelmet.com/",55,20,7,"high quality dofollow backlinks da 50 pa 40 premium pbn network service gutterhelmet.com rank first page google fast seo link building buy backlinks online cheap","2026-08-14","2026-08-14"
182,"Spring Clean Like a Pro: Declutter, Refresh, Breathe Easy","https://harshji.com/spring-cleaning-declutter-refresh-home/","https://www.gutterhelmet.com/",55,20,8,"gutters are often overlooked during spring cleaning","2024-01-24","2026-07-06"
183,"-","https://www.buygoldbullions.net/the_worlds_most_visited_web_pages_624/","https://www.gutterhelmet.com/",55,19,"-","624617. gutterhelmet.com","2023-01-05","2023-01-05"
184,"🏆🏆Boost your Google rankings with Premium PBN & Link Building🏆🏆","https://lawyerinjeddah.com/all/146/1.html","https://gutterhelmet.com/",55,18,28,"high quality dofollow backlinks da 50 pa 40 premium pbn network service gutterhelmet.com rank first page google fast seo link building buy backlinks online cheap","2026-08-23","2026-08-23"
185,"🏆🏆Boost your Google rankings with Premium PBN & Link Building🏆🏆","https://themicrodigits.com/all/1265/15.html","https://gutterhelmet.com/",55,18,11,"high quality dofollow backlinks da 50 pa 40 premium pbn network service gutterhelmet.com rank first page google fast seo link building buy backlinks online cheap","2026-08-20","2026-08-20"
186,"How Can SEO Articles Benefits Your Website? | Pirdu","https://pirdu.com/how-can-seo-articles-benefits-your-website/","https://gutterhelmet.com/",54,33,8,"gutterhelmet","2022-11-24","2026-08-22"
187,"Service With A Smile: Top Pointers for Improving Customer Service","https://insights.ehotelier.com/news/2013/02/07/service-with-a-smile-top-pointers-for-improving-customer-service/","https://www.gutterhelmet.com/",54,30,4,"gutter guards","2025-03-31","2026-04-17"
188,"the Advanced Experiential Marketing through Mixed Reality (MR) Experiences | Ranks Directory","https://ranksdirectory.com/the-advanced-experiential-marketing-through-mixed-reality-mr-experiences/","https://gutterhelmet.com/",54,26,6,"gutterhelmet","2024-06-28","2025-09-22"
189,"Gutter Helmet Of Myrtle Beach - Myrtle Beach, SC Builder","https://www.myfavoritebuilder.com/home_builders/listing_b67a849e67f0f6f5ae4a688ab5fba530.shtml","https://www.gutterhelmet.com/",54,24,7,"https://www.gutterhelmet.com","2022-03-10","2026-07-13"
190,"🏆🏆Boost your Google rankings with Premium PBN & Link Building🏆🏆","https://www.southfwb.com/all/1265/15.html","https://gutterhelmet.com/",54,23,9,"high quality dofollow backlinks da 50 pa 40 premium pbn network service gutterhelmet.com rank first page google fast seo link building buy backlinks online cheap","2026-08-19","2026-08-19"
191,"🏆🏆Boost your Google rankings with Premium PBN & Link Building🏆🏆","https://gladeflowers.com/all/1265/15.html","https://gutterhelmet.com/",54,22,11,"high quality dofollow backlinks da 50 pa 40 premium pbn network service gutterhelmet.com rank first page google fast seo link building buy backlinks online cheap","2026-08-20","2026-08-20"
192,"-","https://digitalcombination.com/caps-gutter-k.html","https://www.gutterhelmet.com/wp-content/uploads/2012/08/Gutter-Caps-One-Size-Doesnt-Fit-All.jpg",54,21,13,"do gutter covers work it depends","2024-04-23","2024-04-23"
193,"🏆🏆Boost your Google rankings with Premium PBN & Link Building🏆🏆","https://kkinsider.com/all/1265/15.html","https://gutterhelmet.com/",54,21,8,"high quality dofollow backlinks da 50 pa 40 premium pbn network service gutterhelmet.com rank first page google fast seo link building buy backlinks online cheap","2026-08-14","2026-08-14"
194,"🏆🏆Boost your Google rankings with Premium PBN & Link Building🏆🏆","https://casinooftheking.com/all/1265/15.html","https://gutterhelmet.com/",54,20,14,"high quality dofollow backlinks da 50 pa 40 premium pbn network service gutterhelmet.com rank first page google fast seo link building buy backlinks online cheap","2026-08-21","2026-08-24"
195,"🏆🏆Boost your Google rankings with Premium PBN & Link Building🏆🏆","https://firstguestpost.com/all/1265/15.html","https://gutterhelmet.com/",54,20,2,"high quality dofollow backlinks da 50 pa 40 premium pbn network service gutterhelmet.com rank first page google fast seo link building buy backlinks online cheap","2026-08-15","2026-08-18"
196,"🏆🏆Boost your Google rankings with Premium PBN & Link Building🏆🏆","https://betulcrime.com/all/1265/15.html","https://gutterhelmet.com/",54,20,7,"high quality dofollow backlinks da 50 pa 40 premium pbn network service gutterhelmet.com rank first page google fast seo link building buy backlinks online cheap","2026-08-15","2026-08-18"
197,"🏆🏆Boost your Google rankings with Premium PBN & Link Building🏆🏆","https://masihnyata.com/all/1265/15.html","https://gutterhelmet.com/",54,19,14,"high quality dofollow backlinks da 50 pa 40 premium pbn network service gutterhelmet.com rank first page google fast seo link building buy backlinks online cheap","2026-08-21","2026-08-23"
198,"🏆🏆Boost your Google rankings with Premium PBN & Link Building🏆🏆","https://exotichealths.com/all/1265/15.html","https://gutterhelmet.com/",54,19,6,"high quality dofollow backlinks da 50 pa 40 premium pbn network service gutterhelmet.com rank first page google fast seo link building buy backlinks online cheap","2026-08-13","2026-08-13"
199,"🏆🏆Boost your Google rankings with Premium PBN & Link Building🏆🏆","https://rjcentinc.com/all/1265/15.html","https://gutterhelmet.com/",54,19,6,"high quality dofollow backlinks da 50 pa 40 premium pbn network service gutterhelmet.com rank first page google fast seo link building buy backlinks online cheap","2026-08-19","2026-08-19"
200,"🏆🏆Boost your Google rankings with Premium PBN & Link Building🏆🏆","https://dupurgeniefr.com/all/1265/15.html","https://gutterhelmet.com/",54,19,6,"high quality dofollow backlinks da 50 pa 40 premium pbn network service gutterhelmet.com rank first page google fast seo link building buy backlinks online cheap","2026-08-15","2026-08-18"
201,"🏆🏆Boost your Google rankings with Premium PBN & Link Building🏆🏆","https://digitalchatni.com/all/1265/15.html","https://gutterhelmet.com/",54,19,7,"high quality dofollow backlinks da 50 pa 40 premium pbn network service gutterhelmet.com rank first page google fast seo link building buy backlinks online cheap","2026-08-19","2026-08-19"
202,"🏆🏆Boost your Google rankings with Premium PBN & Link Building🏆🏆","https://forbesstories.com/all/1265/15.html","https://gutterhelmet.com/",54,19,7,"high quality dofollow backlinks da 50 pa 40 premium pbn network service gutterhelmet.com rank first page google fast seo link building buy backlinks online cheap","2026-08-22","2026-08-22"
203,"🏆🏆Boost your Google rankings with Premium PBN & Link Building🏆🏆","https://mediaboooster.com/all/1265/15.html","https://gutterhelmet.com/",54,19,11,"high quality dofollow backlinks da 50 pa 40 premium pbn network service gutterhelmet.com rank first page google fast seo link building buy backlinks online cheap","2026-08-17","2026-08-17"
204,"7 Tips for Starting a Yoga Studio","https://www.noobpreneur.com/2012/08/27/7-tips-for-starting-a-yoga-studio/","https://www.gutterhelmet.com/",53,35,1,"gutters","2025-07-22","2026-07-06"
205,"-","https://www.linkcentre.com/home-and-garden/gutter-protection/","https://www.gutterhelmet.com/",53,34,2,"gutter helmet","2026-04-09","2026-04-09"
206,"Gutter Helmet of The Dakotas - Painting and Staining - Rapid City, SD - Reviews - Kudzu.com","https://www.kudzu.com/m/Gutter-Helmet-of-The-Dakotas-2016494","https://www.gutterhelmet.com/dakotas",53,32,3,"www.gutterhelmet.com... »","2016-04-25","2016-07-10"
207,"-","https://www.hearth.com/talk/threads/rain-gutter-covers-or-filters.21098/","https://www.gutterhelmet.com/",53,32,2,"www.gutterhelmet.com","2024-08-17","2024-08-20"
208,"-","https://forums.nasioc.com/forums/showthread.php?t=823298&page=2","https://www.gutterhelmet.com/",53,31,1,"gutter helmet","2023-05-24","2025-03-28"
209,"New Report Shows States Affected Most by ""Warm Weather Winter"" of 2012 by Gutter Helmet","https://www.1888pressrelease.com/new-report-shows-states-affected-most-by-warm-weather-winte-pr-388877.html","https://www.gutterhelmet.com/",53,31,31,"visit our site","2017-04-24","2026-07-14"
210,"falošný Afrika obeť gutter guards špongia Kedy maestro","https://akwosrwanda.org.rw/gutter-guards-k.html","https://www.gutterhelmet.com/wp-content/uploads/2017/01/gutter-protection.jpg",53,30,18,"why you need gutter protection systems gutter helmet","2024-07-17","2024-07-17"
211,"-","https://www.theanswerbank.co.uk/Home-and-Garden/Question1010923.html","https://www.gutterhelmet.com/the-different-types-of-gutters-and-how-much-they-cost/",53,29,5,"http://www.gutterhelm...d-how-much-they-cost/","2024-02-23","2025-01-28"
212,"The Ultimate Guide To Gutter Downspouts: Ensuring Efficient Water Flow","https://learnmore.charlestonsouthern.edu/different-worlds/the-ultimate-guide-to-gutter-downspouts-ensuring-efficient-water-flow.html","https://www.gutterhelmet.com/wp-content/uploads/2016/05/downspout.jpg",53,28,1,"what to do when your downspout is clogged gutter helmet","2025-02-12","2025-02-12"
213,"Gutter Helmet Of Minnesota in Duluth, MN - 218-259-1272 Services - Residential Contractors","https://local.sailor.mnsun.com/duluth-mn/services/residential-contractors/gutter-helmet-of-minnesota-218-259-1272","https://www.gutterhelmet.com/",53,27,"-","website","2017-06-16","2017-09-23"
214,"🏆🏆Boost your Google rankings with Premium PBN & Link Building🏆🏆","https://plrdownloadshub.com/all/1265/15.html","https://gutterhelmet.com/",53,23,"-","high quality dofollow backlinks da 50 pa 40 premium pbn network service gutterhelmet.com rank first page google fast seo link building buy backlinks online cheap","2026-08-15","2026-08-15"
215,"-","https://evna.care/keyword-ranking/1515843/who+invented+rain+gutters","https://www.gutterhelmet.com/blog/the-history-of-gutters-a-timeline/",53,23,14,"the history of gutters a timeline","2023-10-21","2024-02-09"
216,"🏆🏆Boost your Google rankings with Premium PBN & Link Building🏆🏆","https://bestnz-poker-casinoslot.com/all/1265/15.html","https://gutterhelmet.com/",53,22,15,"high quality dofollow backlinks da 50 pa 40 premium pbn network service gutterhelmet.com rank first page google fast seo link building buy backlinks online cheap","2026-08-16","2026-08-16"
217,"-","https://www.cozymax.org/home-improvement/listing/1b89f77f570de8a004ffbb49a6101e5e/","https://www.gutterhelmet.com/",53,21,12,"https://www.gutterhelmet.com","2026-04-25","2026-04-29"
218,"-","https://www.homeinspire.us/roofing-and-gutter-repair-essential-tips-for-homeowners/","https://www.gutterhelmet.com/",53,21,9,"gutter helmet","2024-08-10","2026-03-31"
219,"🏆🏆Boost your Google rankings with Premium PBN & Link Building🏆🏆","https://libyanatravel.com/all/146/1.html","https://gutterhelmet.com/",53,20,6,"high quality dofollow backlinks da 50 pa 40 premium pbn network service gutterhelmet.com rank first page google fast seo link building buy backlinks online cheap","2026-09-01","2026-09-01"
220,"🏆🏆Boost your Google rankings with Premium PBN & Link Building🏆🏆","https://hotonlinegaming.com/all/1265/15.html","https://gutterhelmet.com/",53,18,1,"high quality dofollow backlinks da 50 pa 40 premium pbn network service gutterhelmet.com rank first page google fast seo link building buy backlinks online cheap","2026-08-12","2026-08-15"
221,"🏆🏆Boost your Google rankings with Premium PBN & Link Building🏆🏆","https://fashionclothingnews.com/all/1265/15.html","https://gutterhelmet.com/",53,18,6,"high quality dofollow backlinks da 50 pa 40 premium pbn network service gutterhelmet.com rank first page google fast seo link building buy backlinks online cheap","2026-08-19","2026-08-21"
222,"Cost of Gutter Guards: Are They Worth It? » The Money Pit","https://www.moneypit.com/cost-gutter-guards-are-they-worth-it/","https://www.gutterhelmet.com/",52,39,1,"www.gutterhelmet.com","2019-12-21","2026-04-05"
223,"-","https://design-gutter-systems.hub.biz/","https://gutterhelmet.com/",52,36,6,"gutterhelmet.com","2024-01-15","2026-03-29"
224,"
	bergerbp.com competitors - Top similar sites like 20 bergerbp.com and alternatives
","https://www.siteprice.org/competitors/bergerbp.com","https://www.gutterhelmet.com/",52,34,1,"-","2026-03-03","2026-03-03"
225,"-","https://nearmelisting.com/local/gutter-helmet-of-kansas","https://gutterhelmet.com/",52,22,2,"http://gutterhelmet.com","2023-06-29","2024-11-26"
226,"🏆🏆Boost your Google rankings with Premium PBN & Link Building🏆🏆","https://clifflisting.com/all/1265/15.html","https://gutterhelmet.com/",52,18,20,"high quality dofollow backlinks da 50 pa 40 premium pbn network service gutterhelmet.com rank first page google fast seo link building buy backlinks online cheap","2026-08-13","2026-08-13"
227,"Real Customer Reviews | Best Company","https://bestcompany.com/gutters/compare?pc=gutter-helmet","https://www.gutterhelmet.com/",51,31,5,"-","2025-04-08","2026-08-28"
228,"GUTTER HELMET OF EASTERN SHORE INC Salisbury MD, 21801 - Company Profile","https://uat-start.cortera.com/company/research/k6r8otm7s/gutter-helmet-of-eastern-shore-inc/","https://www.gutterhelmet.com/",51,30,1,"visit website","2023-08-28","2023-08-28"
229,"Gutter Helmet","https://www.fairfaxunderground.com/forum/read/2/1547738/1548459.html","https://www.gutterhelmet.com/",51,30,1,"http://www.gutterhelmet.com/","2024-08-29","2025-12-10"
230,"-","https://curlie.org/Business/Construction_and_Maintenance/Materials_and_Supplies/Thermal_and_Moisture/Roof_Specialties_and_Accessories","https://www.gutterhelmet.com/",51,29,10,"gutter helmet","2019-11-30","2020-03-06"
231,"Re: gutters","https://www.team.net/archive/shop-talk/2004-08/msg00158.html","https://www.gutterhelmet.com/",51,27,"-","http://www.gutterhelmet.com/","2022-01-19","2026-08-02"
232,"Mitigating Flames: Strategies to Reduce Fire Hazards - WebMobistar","https://webmobistar.com/mitigating-flames-strategies-to-reduce-fire-hazards/","https://www.gutterhelmet.com/our-products",51,26,5,"installing gutter guards can also contribute to fire prevention","2024-05-24","2026-07-01"
233,"Springfield Tour","https://www.rogerjnorton.com/LincolnDiscussionSymposium/thread-969-page-13.html","https://www.gutterhelmet.com/blog/the-history-of-gutters-a-timeline/",51,26,1,"http://www.gutterhelmet.com/blog/the-his...-timeline/","2024-12-19","2026-06-10"
234,"
Pest-Proof Your Space: Effective Strategies for Prevention
","https://www.aclassblogs.com/2024/02/pest-proof-your-space-effective.html","https://www.gutterhelmet.com/our-products/",51,23,1,"consider installing gutter guards","2024-05-28","2026-07-16"
235,"Say Goodbye to Mosquitoes: Home Solutions That Work - HintsForyou","https://www.hintsforyou.com/2024/01/18/say-goodbye-to-mosquitoes-home-solutions-that-work/","https://gutterhelmet.com/",51,20,3,"regularly cleaning and protecting your gutters","2024-01-23","2026-02-11"
236,"Gutter Helmet of Cookeville Deals in Cookeville, TN 38506 | 8coupons","https://www.8coupons.com/stores/local/gutter-helmet-of-cookeville-38506","https://www.gutterhelmet.com/dealers/tennessee/cookeville",50,31,13,"www.gutterhelmet.com","2024-05-21","2024-10-13"
237,"-","https://www.ethiovisit.com/myplace/gutterhelmetut","https://www.gutterhelmet.com/",50,31,8,"https://www.gutterhelmet.com/","2025-05-13","2025-05-13"
238,"Ensuring Unobstructed Flow: Blockage Checks","https://floarena.net/ensuring-unobstructed-flow-blockage-checks/","https://www.gutterhelmet.com/our-products/",50,21,36,"leaf gutter guards","2025-03-28","2026-06-27"
239,"🏆🏆Boost your Google rankings with Premium PBN & Link Building🏆🏆","https://onvaxs.com/all/1265/15.html","https://gutterhelmet.com/",50,19,23,"high quality dofollow backlinks da 50 pa 40 premium pbn network service gutterhelmet.com rank first page google fast seo link building buy backlinks online cheap","2026-08-13","2026-08-13"
240,"How Much Does a Gutter Helmet Cost? | HowMuchIsIt.org","https://www.howmuchisit.org/gutter-helmet-cost/","https://www.gutterhelmet.com/",49,42,5,"official website’s faq page","2024-08-26","2026-06-30"
241,"-","https://www.cylex.us.com/company/gutter-helmet-of-cookeville-1440645.html","https://www.gutterhelmet.com/dealers/tennessee/cookeville",49,34,3,"website","2024-05-21","2024-08-24"
242,"		Salisbury, MD Contractors		","https://www.2findlocal.com/c/n1t23598c8201-contractors-salisbury-md","https://www.gutterhelmet.com/dealers/maryland/salisbury/gutter-helmet-of-eastern-shore/",49,34,7,"call us today for a free estimate","2017-06-23","2026-08-20"
243,"Your Social Media Deficiency Could Be Costing You Business - Successful Blog -","https://www.successful-blog.com/1/your-social-media-deficiency-could-be-costing-you-business/","https://www.gutterhelmet.com/",49,32,6,"gutter guard","2016-04-24","2026-07-02"
244,"-","https://cupdf.com/document/optimum-performance-home-the-first-optimum-performance-the-first-optimum-performance.html","https://www.gutterhelmet.com/",49,30,4,"http://www.gutterhelmet.com","2024-01-19","2024-04-28"
245,"-","https://sidengo.com/GutterHelmetNM","https://www.gutterhelmet.com/",49,28,4,"https://www.gutterhelmet.com/","2019-09-29","2026-01-15"
246,"commercial garden hose","https://roy.perkel.com/blog/gio/fake/albatros/14902793e333e06-commercial-garden-hose","https://www.gutterhelmet.com/wp-content/uploads/2017/10/4-1.jpg",49,27,1,"downspout extension extensions spout gutter flexible extender plastic flex pvc gutters connector homedepot depot reviewed galvanized durable expanded open","2024-08-14","2026-08-21"
247,"Duluth / Superior Area Businesses Open For Take-Out + Delivery","https://mix108.com/duluth-superior-area-businesses-open-for-take-out-delivery/","https://www.gutterhelmet.com/dealers/minnesota/culver/gutter-helmet-of-northern-minnesota/",48,32,15,"https://www.gutterhelmet.com/dealers/minnesota/culver/gutter-helmet-of-northern-minnesota/","2020-06-21","2026-06-29"
248,"Atlanta Dogwood Festival | Sponsors","https://dogwood.org/sponsors/","https://www.gutterhelmet.com/",48,32,2,"gutter helmet","2022-04-15","2022-07-16"
249,"
          With the First Day of Fall Leaves are Falling in your Gutters. - Storm Solution Specialists
          ","https://connect2local.com/l/998201/c/5033608/with-the-first-day-of-fall-leaves-are-falling-in-your-gutters","https://www.gutterhelmet.com/about-gutters/covers/",48,26,11,"roof gutter covers","2022-08-13","2024-12-10"
250,"How to Choose a New Set of Gutters for your Home - Mom Does Reviews","https://www.momdoesreviews.com/2021/11/10/how-to-choose-a-new-set-of-gutters-for-your-home/","https://www.gutterhelmet.com/6-tips-for-choosing-the-best-rain-gutters-for-your-home/",47,34,2,"picking the right materials","2024-05-14","2026-06-25"
251,"-","https://www.prweb.net/Redirect.aspx?id=aHR0cDovL3d3dy5HdXR0ZXJIZWxtZXQuY29t","https://www.gutterhelmet.com/",47,34,"-","-","2017-04-06","2019-01-10"
252,"Earthbag Construction Footers, Foundation, and Flooring","https://onecommunityglobal.org/earthbag-construction-footers-foundation-and-flooring/","https://www.gutterhelmet.com/send-your-gutter-runoff-underground-with-a-french-drain/",47,29,1,"“controlling runoff with a french drain”","2025-02-23","2026-07-07"
253,"
Hardy & Jensen , Inc.Window and Door Store in Racine, WI : RelyLocal
","https://www.relylocal.com/racine-kenosha-wisconsin/business_listings/hardy-jensen-incwindow-and-door-store","https://www.gutterhelmet.com/",47,28,28,"gutter helmet","2024-08-16","2024-08-16"
254,"Gutter Helmet of Northern Minnesota - Wadena Pioneer Journal","https://admin.local.wadenapj.com/culver-mn/gutter-helmet-of-northern-minnesota-218-259-1272","https://www.gutterhelmet.com/dealers/minnesota/culver/gutter-helmet-of-northern-minnesota",47,27,1,"https://www.gutterhelmet.com/dealers/minnesota/culver/gutter-helmet-of-northern","2020-08-13","2026-08-01"
255,"-","https://thefieldlab.blogspot.com/2013/08/gutter-upgrade.html","https://www.gutterhelmet.com/benefits/",47,24,13,"roscoe dansby gutter helmet","2018-07-02","2026-01-28"
256,"The Times Business Directory: Coupons, restaurants, entertainment, and hotels in Munster, IN","https://local.nwi.com/in/services/residential-contractors/gutter-helmet/2017-12-03-6842313-gutter-helmet-never-clean-your-gutters-again-optional-helmet-heat-can-be-added-to-any-gutter-helmet-system-to-prevent-ke-without-using-unsightly-roof-cables-winter-ice-protection-the-permanent-solutio-to-winter-lce-issues-helmet-gheat-tt","https://www.gutterhelmet.com/",47,24,"-","website","2018-02-02","2018-08-07"
257,"Pigs & Peaches - City of Kennesaw","https://www.kennesaw-ga.gov/pigsandpeaches/","https://www.gutterhelmet.com/",46,39,8,"image","2022-08-30","2022-08-30"
258,"-","https://viesearch.com/?q=helmet&p=15","https://gutterhelmet.com/gutter-guards.cfm",46,32,7,"gutter guards save money","2025-11-29","2025-11-29"
259,"-","https://prfree.org/@ryan_crosson/gutter-helmet-presents-the-design-and-benefits-of-the-gutter-helmet-system-3bmnwep4ak6p","https://www.gutterhelmet.com/",46,31,5,"gutter helmet","2022-07-25","2025-04-11"
260,"-","https://www.walleyecentral.com/forums/showthread.php?p=1056684","https://www.gutterhelmet.com/",46,30,1,"http://www.gutterhelmet.com/","2020-01-05","2020-10-30"
261,"-","https://www.promotionworld.com/articles/social/130423-social-media-starting-scratch","https://www.gutterhelmet.com/",46,30,1,"-","2019-03-27","2025-03-24"
262,"Gutter Helmet | Pro Remodeler","https://www.proremodeler.com/products/product/55193279/gutter-helmet","https://www.gutterhelmet.com/",46,29,4,"gutter helmet","2026-05-01","2026-08-05"
263,"-","https://www.artenaescola.org.br/k-style-gutter-k.html","https://www.gutterhelmet.com/images/k-style-gutters.png",46,27,4,"k style gutters gutter helmet","2024-05-10","2024-05-10"
264,"-","https://homesteady.com/12198928/alternative-rain-gutters","https://gutterhelmet.com/how_it_works.cfm",45,32,2,"how gutter helmets work","2019-06-28","2026-03-29"
265,"-","https://www.golocal247.com/b/arden-nc/building-contractors","https://www.gutterhelmet.com/dealers/north-carolina/mill-springs/gutter-helmet-of-western-north-carolina/",45,31,3,"website","2019-09-11","2024-10-06"
266,"Boys & Girls Clubs of the Suncoast Company Overview, Contact Details & Competitors | LeadIQ","https://leadiq.com/c/boys--girls-clubs-of-the-suncoast/618c1f72990e636b3e86b130","https://www.gutterhelmet.com/boys-and-girls-club",45,29,1,">gutter helmet partnered with bgcsun on feb 1st '24.on february 1st, gutter helmet partnered with the boys and girls club of the suncoast to support the literacy development of children throughout southwest florida.feb 22, 2024 | www.gutterhelmet.com","2025-10-30","2026-05-09"
267,"-","https://www.turbodieselregister.com/threads/fix-for-clogged-gutters.185233/","https://www.gutterhelmet.com/how_it_works.cfm",45,28,1,"how gutter helmet works","2022-04-08","2024-08-12"
268,"-","https://diydiva.net/2011/02/pretty-destructive/feed/","https://www.gutterhelmet.com/blog/ice-dams-do-pantyhose-and-salt-really-work/",45,27,7,"http://www.gutterhelmet.com/blog/ice-dams-do-pantyhose-and-salt-really-work/","2016-09-07","2020-07-22"
269,"-","https://yp.gte.com/el-dorado-ks/bpp/gutter-helmet-of-kansas-21858264","https://gutterhelmet.com/",45,25,"-","website","2022-03-07","2022-03-07"
270,"-","https://waterlandblog.com/wanolittos-musings-for-this-saturdays-des-moines-waterfront-farmers-market-45/","https://www.gutterhelmet.com/",45,24,1,"gutter helmet","2024-06-19","2026-04-17"
271,"Know the gutter materials and styles to choose one that looks best and functions efficiently - Antigua News Room","https://antiguanewsroom.com/know-the-gutter-materials-and-styles-to-choose-one-that-looks-best-and-functions-efficiently/","https://www.gutterhelmet.com/6-tips-for-choosing-the-best-rain-gutters-for-your-home/",44,29,2,"designs and styles","2024-05-14","2026-07-06"
272,"-","https://growjo.com/company/woodsman_kitchen_and_floors","https://gutterhelmet.com/",44,29,3,"-","2025-06-06","2025-06-06"
273,"-","https://www.allonesearch.com/redirect.htm?redir=4cjc1VpxY6zrq6DLqpTh2qfchbyh3siWyI-vsJjcmdXPqJXa8WaqUoFprYqam1Y=","https://www.gutterhelmet.com/",44,28,60,"-","2022-07-31","2026-03-21"
274,"-","https://www.early-retirement.org/forums/f27/gutter-covers-58169.html","https://www.gutterhelmet.com/",44,27,6,"gutter helmet�, the #1 rain gutter system - gutterhelmet.com","2018-06-24","2022-12-07"
275,"Prepare for Spring Storms: Gutter Maintenance","https://www.cabinlife.com/articles/gutter-maintenance/","https://www.gutterhelmet.com/",44,27,13,"gutter helmet","2024-09-23","2026-06-22"
276,"-","https://forums.macresource.com/read.php?1,29325,29332","https://www.gutterhelmet.com/",44,27,1,"www.gutterhelmet.com","2018-01-12","2025-04-11"
277,"-","https://fabnewz.com/things-to-do-when-you-first-notice-a-pest-infestation/","https://www.gutterhelmet.com/blog/5-signs-of-a-pest-infestation",44,26,1,"pest presence","2020-02-29","2024-01-11"
278,"-","https://www.hometownfocus.us/places/united-states/mn/saginaw/home-and-garden/gutter-helmet-of-northern-minnesota/","https://gutterhelmet.com/",44,26,1,"website","2017-12-05","2022-03-03"
279,"-","https://www.qis.net/%7Eb4ubuild/special/index.shtml","https://www.gutterhelmet.com/",44,25,1,"gutter helmet","2017-12-14","2021-10-11"
280,"Nice Tips About How To Deal With Ice Dams  - Tvbread","https://tvbread.thedesignersrack.net/how-to-deal-with-ice-dams.html","https://www.gutterhelmet.com/wp-content/uploads/2019/01/file-9.jpg",44,15,11,"5 safe and effective ways to deal with ice dams","2024-09-22","2025-04-01"
281,"-","https://host.io/gutterhelmettidewater.com","https://www.gutterhelmet.com/dealers/virginia/chesapeake/gutter-helmet-of-tidewater/",43,31,23,"gutterhelmettidewater.com","2019-09-23","2026-06-06"
282,"Gutter Helmet — GreenCircle Certified","https://www.greencirclecertified.com/gutter-helmet","https://www.gutterhelmet.com/",43,22,"-","website","2026-07-22","2026-07-22"
283,"MasterShield Gutter Guard Review (With Photos)","https://www.handymanhowto.com/mastershield-gutter-guard-review-part-1/","https://www.gutterhelmet.com/gutters/competitive-comparison.cfm",42,40,1,"competitive comparisons","2023-02-01","2026-06-28"
284,"Which rain gutter style? - mobilehomerepair.com","https://www.mobilehomerepair.com/phpbb/viewtopic.php?t=6160","https://www.gutterhelmet.com/how_it_works.cfm",42,31,6,"http://www.gutterhelmet.com/how_it_works.cfm","2017-12-11","2026-07-10"
285,"Clogged To Websites","https://www.bookmark4you.com/tag/clogged-to","https://www.gutterhelmet.com/12-ways-to-reduce-your-air-conditioning-costs-this-summer/",42,30,36,"12 ways to reduce your air conditioning costs this summer gutter helmet","2024-02-25","2024-02-25"
286,"-","https://www.numberanalytics.com/blog/ultimate-gutter-maintenance-guide","https://www.gutterhelmet.com/gutter-guards-reduce-maintenance/",42,29,3,"2","2026-03-18","2026-03-18"
287,"Gutterhelmet.com [Ανάλυση]","https://www.mustat.com/el/gutterhelmet.com","https://gutterhelmet.com/",42,29,14,"gutterhelmet.com","2017-06-23","2025-11-09"
288,"Leaf Gutter Guards","https://forums.woodnet.net/showthread.php?tid=7356845&pid=7886147","https://www.gutterhelmet.com/",42,27,1,"gutter helmet","2022-04-24","2025-10-12"
289,"-","https://creativesstreet.com/transform-your-home-life-effective-techniques-for-daily-chores/","https://gutterhelmet.com/",42,27,76,"using a leaf filter to protect your gutters can prevent clogging","2024-03-01","2024-03-01"
290,"Gutter Guards? - Topic","https://well-temperedforum.groupee.net/eve/forums/a/tpc/f/9130004433/m/9843986797?r=2663986797","https://www.gutterhelmet.com/",42,24,8,"https://www.gutterhelmet.com/","2023-05-28","2023-09-14"
291,"-","https://local.newsfirst5.com/profile?listingid=125128512","https://gutterhelmet.com/",42,24,15,"view website","2018-02-15","2018-02-15"
292,"🏆🏆Boost your Google rankings with Premium PBN & Link Building🏆🏆","https://aloysionunes.com/all/1265/15.html","https://gutterhelmet.com/",42,20,18,"high quality dofollow backlinks da 50 pa 40 premium pbn network service gutterhelmet.com rank first page google fast seo link building buy backlinks online cheap","2026-08-21","2026-08-24"
293,"Gutter Helmet by Harry Helmet | Gutter Protection | Roofing & Gutters","https://www.harryhelmet.com/","https://www.gutterhelmet.com/warranty-registration/",41,44,1,"register your warranty","2017-05-27","2022-07-03"
294,"Myrtle Beach, South Carolina Building Materials","https://building-materials.regionaldirectory.us/myrtle-beach-sc.htm","https://www.gutterhelmet.com/",41,32,1,"gutter helmet of myrtle beach","2026-05-17","2026-05-17"
295,"Gutter Helmet Email verification & Email checker | NeverBounce","https://www.neverbounce.com/company/gutter-helmet/16957931","https://www.gutterhelmet.com/",41,30,2,"www.gutterhelmet.com","2023-09-15","2026-08-10"
296,"Seminar exaggeration Whichever galvania helmets Tweet Stage Panda","https://avenuepm.dream.press/galvania-helmets-k.html","https://www.gutterhelmet.com/wp-content/uploads/2019/09/file-29.jpg",41,30,12,"understanding galvanic corrosion","2024-09-08","2024-09-08"
297,"information about safety","https://safety.games2download.com/","https://www.gutterhelmet.com/",41,26,3,"gutter helmet","2025-01-27","2025-12-24"
298,"Cracking the Code: Understanding Your Home’s Maintenance Needs -","https://mywishings.com/cracking-the-code-understanding-your-homes-maintenance-needs/","https://gutterhelmet.com/",41,25,8,"one way to minimize the need for frequent roof maintenance is by installing gutter leaf guards","2024-01-25","2026-07-01"
299,"-","https://free-stock-illustration.com/gutters+and+downspouts+products","https://www.gutterhelmet.com/wp-content/uploads/2014/09/downspout.jpg",41,22,9,"gutters and downspouts products downspout gutter","2017-12-16","2018-03-20"
300,"🏆🏆Boost your Google rankings with Premium PBN & Link Building🏆🏆","https://uncledspizza.com/all/1265/15.html","https://gutterhelmet.com/",41,17,7,"high quality dofollow backlinks da 50 pa 40 premium pbn network service gutterhelmet.com rank first page google fast seo link building buy backlinks online cheap","2026-08-18","2026-08-21"
301,"Definitive Home Solutions - Reviews, Contact & Info | CGMIMM","https://www.cgmimm.com/biz/definitive-home-solutions-14515-w-101st-ter-66215","https://www.gutterhelmet.com/",40,31,9,"visit website","2026-07-07","2026-07-07"
302,"Top 5 books every notary should own (and read) - Notary Blog - Signing Tips, Marketing Tips, General Notary Advice - 123notary.com","https://blog.123notary.com/?p=3668","https://www.gutterhelmet.com/",40,31,5,"http://www.gutterhelmet.com/","2016-09-01","2026-07-06"
303,"-","https://w3.ataiva.com/gutterhelmet.com","https://gutterhelmet.com/",40,26,4,"visit website","2025-06-08","2026-02-09"
304,"-","https://www.wipsites.com/search/29579-zip-code","https://www.gutterhelmet.com/dealers/",40,25,3,"-","2021-07-28","2021-07-28"
305,"Gutter Helmet – Is It a Scam or Legit? - iReviews","https://www.ireviews.com/gutter-helmet-review/","https://www.gutterhelmet.com/",39,38,1,"link","2025-09-24","2026-06-30"
306,"-","https://homeinspectioninsider.com/do-underground-downspouts-freeze-what-you-need-to-know/","https://www.gutterhelmet.com/helmet-heat/",39,36,1,"helmet heat®","2021-08-04","2026-03-28"
307,"-","https://kingcameranfoundation.ning.com/profiles/blogs/ebook-material-sensible-id-eiyfwvk-download-or-read","https://www.gutterhelmet.com/",39,32,7,"www.gutterhelmet.com","2019-03-01","2020-06-14"
308,"overview for GalacticEarthling","https://teddit.adminforge.de/u/GalacticEarthling","https://www.gutterhelmet.com/dealers/virginia/ashland/mr-fix-it/blog/rainwater-harvesting-in-virginia-is-it-legal/",39,32,1,"https://www.gutterhelmet.com/dealers/virginia/ashland/mr-fix-it/blog/rainwater-harvesting-in-virginia-is-it-legal/","2022-03-25","2022-03-25"
309,"Gutter Helmet by Lednor Home Solutions | Local Connections™","https://gutter-helmet-by-lednor-hom.locable.com/profile/","https://www.gutterhelmet.com/dealers/maryland/millersville/gutter-helmet-by-lednor-home-solutions/",39,31,1,"www.gutterhelmet.com/dealers/maryland/millersville/gutter-helmet-by-lednor-home-solutions","2023-11-19","2026-07-23"
310,"-","https://www.au-e.com/search/helmet-size","https://www.gutterhelmet.com/gutter-system/",39,30,23,"-","2019-06-03","2019-06-03"
311,"Gutter Helmet of Minnesota, Monticello, MN - Reviews (142), Photos (25) - BestProsInTown","https://www.bestprosintown.com/mn/monticello/gutter-helmet-of-minnesota-/","https://www.gutterhelmet.com/",39,30,3,"website","2025-01-30","2026-03-16"
312,"51104 area code | Hampton Bay Lokia 20 in. Cast Iron Chimenea-FP-51104","https://www.linkddl.com/search/51104-area-code","https://www.gutterhelmet.com/dealers/",39,29,47,"-","2021-07-13","2021-07-13"
313,"-","https://fdocuments.net/document/optimum-performance-home-the-first-optimum-performance-the-first-optimum-performance.html","https://www.gutterhelmet.com/",39,26,8,"http://www.gutterhelmet.com","2024-05-30","2024-05-30"
314,"-","https://portal.wecabrio.com/B76822D/cat-foot.html","https://www.gutterhelmet.com/about-gutters/styles/k-style/",39,25,49,"source","2020-03-16","2023-12-10"
315,"-","https://leadferret.com/directory/person/amy-baker/18012417","https://www.gutterhelmet.com/",39,25,12,"http://www.gutterhelmet.com/","2018-07-15","2020-06-06"
316,"🏆🏆Boost your Google rankings with Premium PBN & Link Building🏆🏆","https://cgpa2percentag.com/all/1265/15.html","https://gutterhelmet.com/",39,19,"-","high quality dofollow backlinks da 50 pa 40 premium pbn network service gutterhelmet.com rank first page google fast seo link building buy backlinks online cheap","2026-08-16","2026-08-16"
317,"-","https://urlm.co/g/o/p/933118","https://www.gutterhelmet.com/",38,29,73,"-","2017-12-28","2017-12-28"
318,"-","https://www.keyworddensitychecker.com/search/gutter-guards-at-home-depot","https://www.gutterhelmet.com/blog/how-gutters-can-affect-your-homes-foundation/",38,29,48,"-","2021-04-24","2023-11-25"
319,"-","https://www.cordylink.com/search/harrys-gutter-helmet","https://www.gutterhelmet.com/",38,28,"-","-","2021-11-13","2021-11-13"
320,"JoeAnt.com Directory","https://www.joeant.com/devsite/DIR/cat/22317/Roofing_and_Rain_Gutters","https://www.gutterhelmet.com/",38,28,1,"gutter helmet","2024-07-01","2026-07-01"
321,"Lednor opiniones | GoWork ES","https://es.gowork.com/lednor-gasteiz-vitoria","https://www.gutterhelmet.com/",38,27,5,"www gutterhelmet com","2025-11-12","2026-04-13"
322,"-","https://www.keywordsking.com/NWsgZ3V0dGVyIGRpbWVuc2lvbnM/","https://www.gutterhelmet.com/images/k-style-gutters.png",38,26,48,"-","2019-03-30","2019-03-30"
323,"Review Roundup: What Customers Think About Gutter Helmet®
	— RoofersCoffeeShop®
","https://www.rooferscoffeeshop.com/review-roundup-customers-think-gutter-helmet","https://www.gutterhelmet.com/success-stories/",37,33,1,"gutter protection system reviews","2019-04-28","2026-07-05"
324,"-","https://saxakali.com/how-to-repair-leaking-gutters/","https://www.gutterhelmet.com/blog/6-common-causes-of-gutter-leaks-and-how-to-fix-them/",37,32,4,"though that can be the case","2018-12-25","2026-03-31"
325,"-","https://www.topratedlocal.com/gutter-helmet-of-eastern-shore-reviews","https://www.gutterhelmet.com/dealers/maryland/salisbury/gutter-helmet-of-eastern-shore/",37,31,2,"learn more …","2020-06-26","2024-11-20"
326,"-","https://pressnews.biz/@ryan_crosson/gutter-helmet-unfreezes-ice-dams-with-helmet-heat-e4y8ebwme3p5","https://www.gutterhelmet.com/",37,30,12,"gutter helmet","2022-10-11","2025-05-21"
327,"-","https://www.blogs-collection.com/gutter-helmet-65383.html","https://blog.gutterhelmet.com/",37,30,2,"gutter helmet","2016-11-27","2026-05-06"
328,"-","https://www.keyfora.com/search/54455-susquehanna","https://www.gutterhelmet.com/dealers/",37,29,38,"-","2017-12-30","2019-05-22"
329,"-","https://www.linkmio.com/sought/12306-zip","https://www.gutterhelmet.com/dealers/",37,28,20,"-","2021-07-22","2021-07-22"
330,"-","https://profile.infofree.com/biz/PA/New%20Columbia/Gutter%20Helmet%20of%20Susquehanna%20Valley/11132543806522","https://www.gutterhelmet.com/",37,28,1,"www.gutterhelmet.com","2023-10-29","2023-10-29"
331,"-","https://www.addbloglink.com/seeking/seamless-gutters-columbus-ohio","https://www.gutterhelmet.com/dealers/",37,28,16,"-","2022-07-13","2022-07-13"
332,"-","https://www.directorysiteslist.com/site/gutterhelmet.com","https://www.gutterhelmet.com/dealers/",37,28,53,"-","2021-08-15","2021-08-15"
333,"-","https://science.feedfury.com/content/58706886-could-we-succumb-to-a-plague-in-modern-times.html","https://www.gutterhelmet.com/",37,27,"-","gutter guards","2018-03-19","2018-03-19"
334,"-","https://dewiki.de/Lexikon/Dachrinne","https://www.gutterhelmet.com/about-gutters/styles/k-style/",37,27,18,"k style gutters","2021-04-25","2026-03-12"
335,"
	Infinity Home Improvement, Inc. ratings, reviews and complaints - Gutters and Downspouts Contractor - Wyoming, MI
","https://report.checkbca.org/infinity-home-improvement-inc-149371131","https://www.gutterhelmet.com/",37,27,1,"http://www.gutterhelmet.com","2025-05-03","2026-04-15"
336,"
	Question about K-Guard gutters | OBX Connection Message Board
","https://www.obxconnection.com/outer-banks-forum/forum-thread.aspx?Thread=36731","https://www.gutterhelmet.com/",37,26,3,"click to follow link...","2017-08-22","2021-07-01"
337,"-","https://urlm.co.uk/g/c/g/293662","https://www.gutterhelmet.com/how_it_works.cfm",37,26,62,"-","2017-10-20","2018-01-20"
338,"Valpak Selections September 2017","https://content.digitalpub.blue-soho.com/web/y5b2/0A3zpn7/ValpakSelectionsSep/html/40.html","https://www.gutterhelmet.com/",37,20,19,"www.gutterhelmet.com","2017-12-12","2019-10-24"
339,"-","https://southernbeale.wordpress.com/2011/10/23/ohio-animal-massacre-rant/","https://www.gutterhelmet.com/",37,19,"-","gutterhelmet","2021-04-01","2021-10-14"
340,"-","https://www.ablocal.com/us/meadowlands-mn/building-trades/","https://www.gutterhelmet.com/dealers/minnesota/mankato/gh-of-northern-minnesota/",36,32,2,"contact us today for a free quote","2021-08-10","2021-08-10"
341,"InfraStructures - Liens - Links - Canada's National Equipment Magazine - Le Magazine d'Équipement National au Canada","https://infrastructures.com/liens.htm","https://www.gutterhelmet.com/",36,32,23,"gutter helmet systems","2016-04-23","2024-11-16"
342,"-","https://www.websiteperu.com/search/70360-zip-code","https://www.gutterhelmet.com/dealers/",36,31,6,"-","2021-06-04","2021-06-04"
343,"-","https://www.freedirectorysite.com/search/29579-zip-code","https://www.gutterhelmet.com/dealers/",36,28,52,"-","2021-07-12","2021-07-12"
344,"-","https://www.sitesinformation.com/search/city-for-80921-zip-code","https://www.gutterhelmet.com/dealers/",36,28,1,"-","2022-10-26","2022-10-26"
345,"Gutter Helmet Revenue, Funding & Valuation","https://prospeo.io/c/gutter-helmet-revenue","https://gutterhelmet.com/",36,27,9,"gutterhelmet.com","2026-04-03","2026-07-10"
346,"Shields for Rain Gutters","https://joneakes.com/jons-fixit-database/1358","https://www.gutterhelmet.com/",36,27,4,"gutter helmet","2016-04-21","2026-07-03"
347,"-","https://www.bingapis.com/images/search?q=Cover+Metal+Roof+Edge&FORM=RESTAB","https://www.gutterhelmet.com/wp-content/uploads/2017/01/mesh-screens.png",36,27,"-","-","2018-12-06","2018-12-06"
348,"DMOZ - Business: Construction and Maintenance: Materials and Supplies: Thermal and Moisture: Roof Specialties and Accessories","https://www.dmoz-odp.org/Business/Construction_and_Maintenance/Materials_and_Supplies/Thermal_and_Moisture/Roof_Specialties_and_Accessories/","https://www.gutterhelmet.com/",36,26,8,"gutter helmet","2020-04-14","2023-08-04"
349,"How To Prevent Snow And Ice Damage To Your Roof","https://www.cenvarroofing.com/roofing-blog/the-effects-of-snow-and-ice-on-your-roof","https://www.gutterhelmet.com/blog/5-ways-that-ice-can-damage-your-home/",36,22,1,"snow and ice damage","2023-05-08","2026-06-28"
350,"-","https://www.rewritetherules.org/why-do-birds-clean-out-gutters/","https://www.gutterhelmet.com/",36,21,39,"read full article","2023-06-20","2025-03-30"
351,"-","https://businessinstruct.com/prevent-basement-flooding-k.html","https://www.gutterhelmet.com/wp-content/uploads/2012/12/iStock511209000.jpg",36,20,76,"8 tips for flood proofing a basement","2024-04-09","2024-04-09"
352,"The Cleaning Catchup – How to Speed Up Home Maintenance","https://www.ultimatehomeideas.com/guest-post/the-cleaning-catchup-how-to-speed-up-home-maintenance/","https://www.gutterhelmet.com/10-problems-that-result-from-not-cleaning-gutters/",35,33,2,"gutters","2024-08-20","2026-07-03"
353,"-","https://www.microlinkinc.com/search/50613-zip-code","https://www.gutterhelmet.com/dealers/",35,29,18,"-","2021-08-15","2021-08-15"
354,"-","https://411.info/business/Gutter-Helmet-Colorado-Springs-CO-26643812","https://gutterhelmet.com/",35,28,44,"http://gutterhelmet.com","2018-10-24","2024-11-14"
355,"gutterhelmet.com - statistics for gutterhelmet.com | alestat.com","https://alestat.com/www,gutterhelmet.com.html","https://gutterhelmet.com/",35,28,19,"redirect to gutterhelmet.com","2018-04-18","2024-10-08"
356,"Uptime statistic of gutterhelmet.com and additional info tools","https://web.notifyninja.com/gutterhelmet.com","https://gutterhelmet.com/",35,27,1,"gutterhelmet.com","2023-11-23","2023-11-23"
357,"Roof Specialties and Accessories Thermal and Moisture Materials and Supplies Construction and Maintenance","https://www.iaswww.com/apr/Business/Construction_and_Maintenance/Materials_and_Supplies/Thermal_and_Moisture/Roof_Specialties_and_Accessories/","https://www.gutterhelmet.com/",35,25,16,"gutter helmet","2018-08-03","2026-03-25"
358,"Costco Gutter Helmet Cost
","https://videos.plattcollege.edu/view/costco-gutter-helmet-cost.html","https://www.gutterhelmet.com/wp-content/uploads/2017/03/image-1-768x566.jpg",35,25,3,"gutter helmet® america’s top choice for gutter protection gutter helmet","2024-08-03","2024-08-03"
359,"-","https://www.diybanter.com/home-repair/111252-gutter-covers-anything-work.html","https://www.gutterhelmet.com/",35,23,2,"http://www.gutterhelmet.com/","2023-05-31","2024-09-08"
360,"Dumb Things I Have Done Lately: Getting My Mind Out of the Gutter","https://blog.joelogon.com/2007/11/getting-my-mind-out-of-gutter.html","https://www.gutterhelmet.com/",35,21,6,"gutter helmet","2016-04-25","2026-07-20"
361,"-","https://sosaloha.blogspot.com/2011/04/rt-recap-thursday-let-them-eat-more.html","https://www.gutterhelmet.com/",35,21,6,"gutterhelmet","2017-12-22","2022-04-15"
362,"Як встановити водостічну систему ","https://healthyliving.com.ua/18612-yak-vstanoviti-vodostichnu-sistemu.html","https://www.gutterhelmet.com/how-to-install-gutters/",35,19,53,"http://www.gutterhelmet.com/how-to-install-gutters.cfm","2022-05-09","2026-05-24"
363,"Radiant Floor Warming and Snow Melting Equipment","https://www.4specs.com/s/23/23-8310.html","https://www.gutterhelmet.com/",34,31,12,"gutter helmet","2017-05-25","2026-07-04"
364,"-","https://www.wikibacklink.com/search/gutter-works","https://www.gutterhelmet.com/",34,28,3,"-","2022-12-30","2022-12-30"
365,"-","https://www.link-de.com/search/gutter-guards-ct","https://www.gutterhelmet.com/dealers/",34,28,52,"-","2022-07-03","2022-07-03"
366,"-","https://www.similarto.us/usinspect.com/","https://gutterhelmet.com/",34,27,14,"-","2017-11-19","2023-05-18"
367,"-","https://pmarketresearch.com/rain-gutter-system-market-research/","https://www.gutterhelmet.com/",34,26,4,"gutter helmet","2025-10-05","2026-01-10"
368,"-","https://ysabetwordsmith.livejournal.com/3610606.html","https://www.gutterhelmet.com/blog/the-history-of-gutters-a-timeline/",34,25,1,"gutter history","2017-05-12","2021-05-14"
369,"How to Make an Older Home Safe for Your Family - Emma Cooper","https://emmacooper.org/family-safety-in-an-older-home/","https://www.gutterhelmet.com/5-signs-of-a-pest-infestation/",34,24,2,"signs of pests","2024-08-26","2026-07-08"
370,"5 Ways to Properly Downsize a Small Business | Business Chief Asia","https://businesschief.asia/corporate-finance/5-ways-properly-downsize-small-business-1","https://www.gutterhelmet.com/",34,23,11,"various gutter styles","2022-06-30","2026-07-08"
371,"How many Sunroom contractors are there in Michigan, United States in 2026","https://www.poidata.io/report/sunroom-contractor/united-states/michigan","https://gutterhelmet.com/",34,22,1,"gutterhelmet.com","2025-11-08","2026-06-08"
372,"Understanding The Challenges Of Gutter Helmet Systems","https://ftp.lojaprincipessa.com.br/plastic-surgery/understanding-the-challenges-of-gutter-helmet-systems.html","https://www.gutterhelmet.com/wp-content/uploads/2020/03/iStock-1148025939.jpg",34,22,1,"details","2025-03-31","2025-03-31"
373,"Dachrinne - Wiki","https://de.wiki.li/Dachrinne","https://www.gutterhelmet.com/about-gutters/styles/k-style/",34,21,15,"k style gutters","2023-03-25","2026-06-11"
374,"THANK YOU TO OUR SPONSORS - ViVa! Vienna!","https://vivavienna.org/sponsors/our-sponsors/","https://www.gutterhelmet.com/",34,21,1,"gutter helmet","2024-07-07","2026-07-03"
375,"australianwebdirectory.info | Top Websites of Australia & Globe | page no. 295","https://www.australianwebdirectory.info/domain-list-295","https://gutterhelmet.com/",34,21,33,"gutterhelmet.com","2025-05-05","2026-07-06"
376,"-","https://www.keyword-suggest-tool.com/search/accessgutters.com.au/","https://www.gutterhelmet.com/blog/4-tools-make-gutter-cleaning-easier/",33,31,7,"-","2017-10-18","2017-10-18"
377,"Gutter Helmet of Cookeville, Cookeville | Gutters & Downspouts 
","https://www.mylocalservices.com/Gutter+Helmet+of+Cookeville-Cookeville-Tennessee-20604506.html","https://www.gutterhelmet.com/dealers/tennessee/cookeville",33,30,1,"http://www.gutterhelmet.com/dealers/tennessee/cookeville/gh-of-cookeville/","2024-05-21","2026-06-13"
378,"Lawrence Turner Construction - Links","https://www.unique-design.net/construction/Business/linksbusiness.htm","https://www.gutterhelmet.com/",33,30,33,"gutter helmet","2016-07-16","2026-06-25"
379,"-","https://zaubee.com/biz/gutter-helmet-t247owv5","https://gutterhelmet.com/",33,28,12,"gutterhelmet.com","2023-07-26","2023-07-26"
380,"52.3.96.204 - IP 2 Domain Rückwärtssuche » SEOkicks Reverse IP Lookup","https://www.seokicks.de/reverse-ip-lookup/52.3.96.204","https://www.gutterhelmet.com/",33,27,53,"http://www.gutterhelmet.com","2021-10-07","2026-08-24"
381,"Blue Ox Millworks - Web Resources","https://www.blueoxmill.com/millwork-links.htm","https://www.gutterhelmet.com/blog/expert-advice-on-custom-millwork/",33,27,31,"gutter helmet this site has a nice intereview with eric about custom gutters","2021-10-17","2026-07-07"
382,"What To Do When Rainwater Floods Your Backyard | 1-Tom-Plumber","https://www.1tomplumber.com/concord-ca/what-to-do-when-rainwater-floods-your-backyard/","https://www.gutterhelmet.com/about-gutters/extensions/",33,27,1,"3 foot extension","2026-07-20","2026-07-20"
383,"Residential Gutters 101: Damage Causes and Cleaning Mistakes to Avoid - Daily Inbox","https://dailyinbox.com/residential-gutters-101-damage-causes-and-cleaning-mistakes-to-avoid/","https://www.gutterhelmet.com/blog/avoid-the-5-most-dangerous-gutter-cleaning-mistakes/",33,26,2,"safely reposition the ladder","2025-04-21","2026-07-04"
384,"-","https://forums.pondboss.com/ubbthreads.php?ubb=showflat&Number=168875&page=23","https://www.gutterhelmet.com/how_it_works.cfm",33,26,1,"http://www.gutterhelmet.com/how_it_works.cfm","2017-11-12","2019-12-30"
385,"Gutter Helmet Makes Over the Social Media Space with Innovative Contest – Press About","https://www.pressabout.com/gutter-helmet-social-media-space-633011/","https://www.gutterhelmet.com/",33,25,17,"original gutter protection system","2017-03-16","2026-07-20"
386,"-","https://hdimagegallery.net/downspout+extension+retractable","https://www.gutterhelmet.com/wp-content/uploads/2012/09/21.jpg",33,25,12,"downspout extension retractable downspout extension","2017-12-12","2018-03-12"
387,"Gutter Helmet of the Pikes Peak Region - GrayTV Local","https://www.graytvlocal.com/business/gutter-helmet-of-the-pikes-peak-region","https://gutterhelmet.com/",33,24,5,"we're hiring","2020-04-16","2026-07-14"
388,"Stalking user #9802719","https://www.aolstalker.com/9802719.html","https://www.gutterhelmet.com/",33,24,"-","http://www.gutterhelmet.com","2017-04-17","2017-04-17"
389,"-","https://raystclair.com/gutter-helmet/","https://www.gutterhelmet.com/",33,23,2,"gutter helmet","2025-02-20","2026-06-27"
390,"Information about safety","https://safety.web100.org/","https://www.gutterhelmet.com/",33,21,31,"gutter helmet","2023-02-13","2025-12-23"
391,"-","https://www.usinfosearch.com/listing/GUTTER%20HELMET-OCEAN%20&%20MONMOUTH","https://gutterhelmet.com/",33,20,2,"http://gutterhelmet.com","2017-04-20","2017-04-20"
392,"-","https://crossover-agm.de/Dachrinne","https://www.gutterhelmet.com/about-gutters/styles/k-style/",33,20,44,"k style gutters","2022-12-12","2023-03-18"
393,"Topeka Farm Show | Stormont Vail Events Center","https://www.tradexpos.com/topeka-farm-show/","https://www.gutterhelmet.com/dealers/kansas/el-dorado",32,36,1,"visit website","2024-06-19","2024-09-20"
394,"-","https://www.freekeyworddifficultytool.com/site/moonworkshome.com","https://www.gutterhelmet.com/dealers/rhode-island/woonsocket",32,29,39,"-","2024-05-14","2024-05-14"
395,"-","https://www.rainharvest.co.za/2013/01/10-tips-for-harvesting-rainwater-utilizing-your-gutters/","https://www.gutterhelmet.com/",32,29,1,"gutters","2016-07-31","2022-05-25"
396,"-","https://www.keyworddifficultycheck.com/search/ashland-metals-houma","https://www.gutterhelmet.com/dealers/",32,28,81,"-","2021-09-19","2021-09-19"
397,"-","https://www.fbscan.com/find/3470-idaho-santa-rosa","https://www.gutterhelmet.com/dealers/",32,27,29,"-","2022-05-10","2022-05-10"
398,"Classic Home Center, Louisville 40299, Wood Doors","https://www.misterwhat.com/classic-home-center-17c5HwRt6fE","https://www.gutterhelmet.com/",32,27,5,"www.gutterhelmet.com","2019-11-20","2026-01-05"
399,"-","https://serendeputy.com/cleaning","https://gutterhelmet.com/blog/8-ways-to-save-money-on-gutter-cleaning/",32,26,7,"8 ways to save money on gutter cleaning gutter helmet","2019-07-12","2019-07-12"
400,"-","https://www.customcraftedkeywords.com/find/gutter-helmet","https://www.gutterhelmet.com/",32,26,8,"-","2021-10-21","2021-10-21"
401,"Cumberland Business Journal","https://www.depreciated.ucbjournal.com/news.php?id=1631","https://www.gutterhelmet.com/cookeville-gutters.cfm",32,25,9,"gutter helmet of cookeville","2019-12-22","2021-01-02"
402,"
	Gutterhelmet's Profile
","https://www.articleseen.com/Profile_gutterhelmet.aspx","https://www.gutterhelmet.com/",32,25,7,"http://www.gutterhelmet.com","2018-07-17","2026-04-19"
403,"-","https://thehomemag.com/Professionals/Details/14088-gutter-helmet","https://www.gutterhelmet.com/dealers/",32,24,8,"certified gutter guard installation experts","2018-08-06","2020-02-27"
404,"-","https://totalhousehold.com/contractors/gutter-helmet-of-middle-tennessee-971fd520","https://www.gutterhelmet.com/dealers/tennessee/brentwood/gutter-helmet-by-harry-helmet/",32,23,4,"website","2023-08-31","2025-11-29"
405,"Guttermaid.com Review","https://www.acciyo.com/guttermaid-com-review/","https://www.gutterhelmet.com/",32,22,4,"gutter helmet","2025-06-26","2026-08-17"
406,"-","https://www.linksam.com/search/56001-zip","https://www.gutterhelmet.com/dealers/",32,22,76,"-","2021-08-01","2021-08-01"
407,"Be-leaf in These Autumn Safety Practices","https://www.gohce.com/blog/be-leaf-in-these-autumn-safety-practices/","https://www.gutterhelmet.com/avoid-the-5-most-dangerous-gutter-cleaning-mistakes/",32,22,3,"cleaning gutters","2024-08-24","2026-06-28"
408,"-","https://iconichomedecors.com/heat-tape-for-gutters-k.html","https://www.gutterhelmet.com/wp-content/uploads/2014/10/3.jpg",32,20,38,"what makes helmet heat® different from other roof heating cables","2024-03-20","2024-03-20"
409,"Fuse Box Ground Wire Diagram Base Website Ground Wire - EBDC992A19CED873F54155D2FD9EF659.TABERNARECINA.IT","https://ebdc992a19ced873f54155d2fd9ef659.tabernarecina.it/diagram/fuse-box-ground-wire","https://www.gutterhelmet.com/wp-content/uploads/2017/01/Sofflit-Connection.jpg",32,15,46,"helmet heat u00ae ice reduction system installation","2020-09-26","2020-09-26"
410,"-","https://pdfslide.us/documents/optimum-performance-home-the-first-optimum-performance-the-first-optimum-performance.html","https://www.gutterhelmet.com/",31,33,15,"http://www.gutterhelmet.com","2024-05-16","2024-05-16"
411,"-","https://cdnlogo.com/logo/gutter-helmet_133568.html","https://www.gutterhelmet.com/",31,29,4,"gutterhelmet.com","2023-05-13","2026-01-12"
412,"-","https://b2b.trivok.com/texas/water-conservation/austin/","https://www.gutterhelmet.com/",31,28,6,"www.gutterhelmet.com","2017-12-03","2019-11-22"
413,"-","https://www.urlbacklinks.com/search/oostburg-storm","https://www.gutterhelmet.com/dealers/",31,28,13,"-","2022-06-20","2022-06-20"
414,"built in gutter | 10.3. Built-in Gutter Linings - Copper","https://www.eigolink.net/find/built-in-gutter","https://www.gutterhelmet.com/",31,27,57,"-","2022-02-14","2022-02-14"
415,"Business > Construction_and_Maintenance > Materials_and_Supplies > Thermal_and_Moisture > Roof_Specialties_and_Accessories >  - Jasminecorp Directory","https://jcsearch.com/Top/Business/Construction_and_Maintenance/Materials_and_Supplies/Thermal_and_Moisture/Roof_Specialties_and_Accessories/","https://www.gutterhelmet.com/",31,26,18,"american metal products","2023-04-15","2026-05-26"
416,"-","https://www.5dollarsite.com/site/gutterhelmetdenver.com","https://www.gutterhelmet.com/dealers/",31,26,30,"-","2020-01-26","2020-01-26"
417,"-","https://www.houserepairtalk.com/threads/gutter-guard-help.28809/","https://www.gutterhelmet.com/",31,26,5,"https://www.gutterhelmet.com/","2018-08-29","2025-12-25"
418,"-","https://www.allwebvalue.com/siteinfo/gutterhelmet.com","https://gutterhelmet.com/",31,26,12,"gutterhelmet.com","2022-03-11","2023-12-30"
419,"all the links about pipes you need to see","https://pipes.businesspointer.net/","https://www.gutterhelmet.com/",31,21,1,"gutter helmet","2021-11-10","2025-12-22"
420,"Understanding The Challenges Of Gutter Helmet Systems","https://vault.admios.com/plastic-surgery/understanding-the-challenges-of-gutter-helmet-systems.html","https://www.gutterhelmet.com/wp-content/uploads/2020/03/iStock-1148025939.jpg",31,21,2,"7 rain gutter system problems to watch out for","2025-02-23","2025-02-23"
421,"Gutter Helmet Logo PNG (Transparent) SVG AI – Free Download","https://vectorseek.com/vector_logo/gutter-helmet-logo-vector/","https://www.gutterhelmet.com/",30,31,1,"www.gutterhelmet.com/","2022-09-17","2026-06-28"
422,"What is Gutter Helmet and how does it work? - Ask and Answer - Glarity","https://askai.glarity.app/search/What-is-Gutter-Helmet-and-how-does-it-work","https://www.gutterhelmet.com/",30,29,2,"favicon","2025-06-23","2026-05-03"
423,"-","https://www.nichesitemastery.com/search/downspout","https://www.gutterhelmet.com/",30,29,29,"-","2023-01-02","2023-01-02"
424,"Jimmie Keas - Owner / President at Gutter Helmet - AroundDeal - B2B Contact & Company Info","https://www.arounddeal.com/profile/na/n0emudczce/","https://www.gutterhelmet.com/",30,27,5,"http://www.gutterhelmet.com","2022-02-18","2022-06-14"
425,"-","https://www.dekut.com/World_Business/the-12-coolest-outdoor-accessories-for-summer-2012-gutter-helmet-gutterhelmet-com/","https://www.gutterhelmet.com/the-12-coolest-outdoor-accessories-for-summer-2012/",30,26,8,"the 12 coolest outdoor accessories for summer 2012 - gutter helmet - gutterhelmet.com","2024-05-18","2024-08-20"
426,"-","https://www.repvue.com/companies/GutterHelmet","https://www.gutterhelmet.com/",30,24,7,"gutterhelmet.com","2024-11-26","2025-06-08"
427,"
Roof Specialties and Accessories - Thermal and Moisture - Materials and Supplies - Construction and Maintenance - Building and Construction","https://home-improvement.mygarden.net.au/lc/roof_specialties_and_accessories/79730/1","https://www.gutterhelmet.com/",30,23,23,"gutter helmet the 1st the best the 1","2016-12-25","2023-02-26"
428,"Roman Gutter | Personensuche - Kontakt, Bilder, Profile & mehr!","https://www.namenfinden.de/s/roman+gutter","https://www.gutterhelmet.com/dealers/tennessee/cookeville/gutter-helmet-of-cookeville/blog/how-modern-gutters-came-to-be/",30,23,41,"how modern gutters came to be - gutter helmetwww.gutterhelmet.com › dealers › cookeville › blog","2021-11-08","2021-11-08"
429,"Related Fields and Associations | Semco Southeastern Metals","https://dev.semetals.com/resources/related-fields-and-associations/","https://www.gutterhelmet.com/",30,22,1,"gutter helmet","2019-10-03","2020-07-08"
430,"-","https://decoration.mmjp.org/sunshade-retractable-awning-by-gutter-helmet/","https://www.gutterhelmet.com/wp-content/uploads/2017/10/Sunshade-Awning.jpg",30,21,7,"download image 171 x 200","2018-06-10","2018-06-10"
431,"-","https://www.therealnicaragua.com/Forum2016/printthread.php?t=6305&pp=25&page=1","https://www.gutterhelmet.com/",30,20,2,"gutter helmet","2022-06-13","2023-03-05"
432,"-","https://firstfollower.com/foundation/foundation-landscaping","https://www.gutterhelmet.com/wp-content/uploads/2017/01/mesh-screens.png",30,19,"-","how to design enterprise architecture besides fine wine weigela furthermore grow herbs colonial garden visual guide also royalty free stock images castle wall image54049 together with file vogelpark walsrode   tropenwald halle 07 ies. on foundation landscaping","2017-07-18","2017-07-18"
433,"-","https://www.gamerkun.com/page-49ccb7b61ceb5f42eea7ffed05f4fe53.html","https://gutterhelmet.com/",30,18,39,"gutterhelmet.com","2026-04-19","2026-04-19"
434,"Green Tip: Rainwater Management - Katahdin Cedar Log Homes","https://www.katahdincedarloghomes.com/blog/rainwater-gutters-containment/","https://www.gutterhelmet.com/",29,28,1,"gutter helmet","2024-05-10","2026-07-22"
435,"Laurie Fortier is married to former NFL player Doug Flutie","https://www.intellectualsinsider.com/laurie-fortier-married-nfl-player-doug-flutie/","https://www.gutterhelmet.com/our-products",29,28,3,"leaf filter gutter protection","2025-04-11","2026-06-28"
436,"Roof Specialties and Accessories Web Directory: ODP.org   > Business    > Construction and Maintenance    > Materials and Supplies    > Thermal and Moisture    > Roof Specialties and Accessories    Directory","https://odp.org/Business/Construction_and_Maintenance/Materials_and_Supplies/Thermal_and_Moisture/Roof_Specialties_and_Accessories","https://www.gutterhelmet.com/",29,28,5,"gutter helmet","2018-07-16","2026-05-30"
437,"-","https://blogville.us/gutter-helmet-blog-gutterhelmet-com-95194","https://www.gutterhelmet.com/proudly-unfiltered/",29,28,7,"https://www.gutterhelmet.com/proudly-unfiltered/","2026-02-04","2026-02-07"
438,"-","https://www.tellows.com/num/9315108680","https://www.gutterhelmet.com/dealers/tennessee/cookeville",29,28,6,"website","2024-05-21","2024-10-13"
439,"-","https://www.tubefr.com/comment-pour-obtenir-votre-maison-prete-pour-hiver_4.html","https://www.gutterhelmet.com/",29,27,4,"nettoyer vos gouttières","2018-01-09","2024-06-30"
440,"-","https://www.bethanne.net/search/gutter-helmet-nh","https://www.gutterhelmet.com/dealers/",29,26,17,"-","2021-09-16","2021-09-16"
441,"-","https://coalpail.com/coal-forum/viewtopic.php?f=132&t=11986","https://www.gutterhelmet.com/",29,25,8,"http://www.gutterhelmet.com/","2018-09-06","2019-08-31"
442,"Today: NY TIMES News, Feb 28, 2022","https://www.interalex.net/2022/02/ny-times-news-feb-28-2022.html","https://www.gutterhelmet.com/dealers/new-york/middletown/gutter-helmet-of-eastern-new-york/",29,25,56,"gutter helmet of eastern new yorkhttps://www.gutterhelmet.com › ... › middletown","2022-08-27","2026-05-27"
443,"Internet-Directory.com - internet directory for companies,factories,commercial organisations internet websites.","https://www.internet-directory.com/detail.php?linkid=19893","https://www.gutterhelmet.com/",29,24,44,"http://www.gutterhelmet.com/","2018-08-31","2026-08-28"
444,"房子边上的大树 - 2021年9月10日 未名空间存档 - 看帖神器","https://kantie.org/topics/mitbbs/33837847","https://www.gutterhelmet.com/wp-content/uploads/2015/02/August-2020-GUTTER-HELMET1.jpg",29,23,11,"-","2021-09-16","2025-05-15"
445,"How to Remove Gutter Stains: White Gutters, Tiger Stripes, and Prevention - I'll Just Fix It Myself","https://illjustfixitmyself.com/how-to-remove-gutter-stains/","https://www.gutterhelmet.com/what-causes-black-streaks-to-appear-on-gutters/",29,22,1,"gutter helmet’s explanation of black streaks","2026-08-16","2026-08-16"
446,"Allsites.com - Search Engines : Business : Construction and Maintenance : Materials and Supplies : Thermal and Moisture : Roof","https://www.allsites.com/Top.Business.Construction_and_Maintenance.Materials_and_Supplies.Thermal_and_Moisture.Roof_Specialties_and_Accessories.html","https://www.gutterhelmet.com/",29,21,5,"american metal products","2017-10-21","2019-04-27"
447,"-","https://feedyeti.com/hashtag.php?q=gutters","https://www.gutterhelmet.com/wp-content/uploads/2017/04/gutter-protection.jpg",29,19,48,"gutter protection feedyeti.com","2018-07-25","2018-07-25"
448,"-","https://www.semomarketplace.com/marketplace/businesses/dutch-guttering/","https://gutterhelmet.com/",29,16,"-","visit website","2017-06-14","2017-08-31"
449,"The Globe - The world's most visited web pages","https://theglobe.net/the_worlds_most_visited_web_pages_624.html","https://www.gutterhelmet.com/",28,49,8,"624617. gutterhelmet.com","2016-07-27","2026-07-03"
450,"-","https://www.websitekeywordchecker.com/search/clogged-gutter-drain","https://www.gutterhelmet.com/blog/what-to-do-downspout-clogged/",28,28,11,"-","2021-10-13","2021-10-13"
451,"Top 4 maneras para hacer su canales últimos 20 años - askix.com","https://www.askix.com/top-4-maneras-para-hacer-su-canales-ultimos-20-anos.html","https://gutterhelmet.com/",28,28,5,"canales","2018-01-06","2026-08-02"
452,"-","https://www.offercoupons.org/basking-ridge-roofers","https://www.gutterhelmet.com/",28,25,18,"-","2020-07-11","2021-02-18"
453,"Gutter Helmet Eastern Ohio","https://icastle.com/gutter-helmet-eastern-ohio-stone-creek-oh","https://www.gutterhelmet.com/",28,23,1,"website","2017-05-21","2022-04-17"
454,"-","https://www.cadagile.com/hoe-effectief-schoon-goot-regenpijpen.html","https://www.gutterhelmet.com/",28,23,38,"goot","2019-11-14","2024-10-06"
455,"Understanding The Challenges Of Gutter Helmet Systems","https://br2.imexhs.com/plastic-surgery/understanding-the-challenges-of-gutter-helmet-systems.html","https://www.gutterhelmet.com/wp-content/uploads/2020/03/iStock-1148025939.jpg",28,22,1,"details","2025-02-15","2025-02-15"
456,"-","https://n3.datasn.io/data/api/v1/n3a6/window_cleaning_in_united_states/main/list/5/","https://www.gutterhelmet.com/",28,21,1,"http://www.gutterhelmet.com","2023-03-02","2023-06-26"
457,"-","https://iatw.us/contact/","https://www.gutterhelmet.com/",28,19,1,"gutter helmet","2016-11-23","2021-10-08"
458,"Replacegutters.com: Reviews and Comments | www.Replacegutters.com","https://18.192.44.1/www.replacegutters.com","https://www.gutterhelmet.com/gutters/replace-existing-gutters.cfm",28,18,91,"www.gutterhelmet.com/gutters/replace-existing-gutters.cfm","2025-01-21","2026-09-01"
459,"-","https://af-za.nearfinderus.com/zip_code/83440.html","https://www.gutterhelmet.com/",27,27,1,"-","2020-04-25","2020-04-25"
460,"-","https://social.143vinyl.com/leaf-blower-vacuum-pine-needles-k.html","https://www.gutterhelmet.com/wp-content/uploads/2022/08/gallery_915-gutterhelmet3_1660646287.jpg",27,26,5,"dealing with fallen pine needles the easy way","2024-05-26","2024-05-26"
461,"-","https://www.keywordspay.com/search/gutters-clean","https://www.gutterhelmet.com/",27,25,68,"-","2021-10-24","2021-10-24"
462,"-","https://www.ruecouponcode.com/gutter-helmet/","https://www.gutterhelmet.com/",27,24,18,"https://www.gutterhelmet.com/","2020-06-10","2021-10-21"
463,"-","https://www.simplelivingforum.net/printthread.php?t=15528&pp=10&page=1","https://www.gutterhelmet.com/",27,24,5,"www.gutterhelmet.com","2018-01-03","2025-03-13"
464,"-","https://www.websitesuccesstools.com/designshuffle.com/","https://www.gutterhelmet.com/expert-advice-on-interior-design/",27,24,68,"-","2024-02-17","2024-02-17"
465,"-","https://quero.party/report/106462","https://gutterhelmet.com/",27,23,4,"gutterhelmet.com","2026-04-21","2026-04-21"
466,"Basement Flooding Repair Near Me - Elek Plumbing","https://elekplumbing.com/blog/best-basement-flooding-solutions-for-your-home/","https://www.gutterhelmet.com/blog/8-tips-for-flood-proofing-a-basement/",27,22,1,"solutions","2024-01-16","2026-07-04"
467,"? Gutter Systems – Ranking Top Gutter Systems Available | Best4YourHome","https://best4yourhome.com/gutter-systems/","https://www.gutterhelmet.com/helmet-heat/",27,21,19,"https://www.gutterhelmet.com/helmet-heat/","2019-04-02","2026-07-07"
468,"
    
    Gutters & Spouting | Century Home Improvements
  
  ","https://www.centuryspouting.com/gutters-spouting","https://www.gutterhelmet.com/",27,20,1,"gutter helmet","2025-11-06","2026-08-19"
469,"-","https://upmlf.com/gutter-guards-k.html","https://www.gutterhelmet.com/wp-content/uploads/2017/01/gutter-protection.jpg",27,18,52,"why you need gutter protection systems gutter helmet","2024-01-18","2024-01-18"
470,"Roofing Services Lakeview OR / Roof","https://roof.reddoorchicago.com/find/roofing-services-lakeview-or","https://www.gutterhelmet.com/dealers/",27,17,10,"gutter helmet dealers find a nearby dealer by zipcode","2017-12-15","2017-12-15"
471,"-","https://average-roof-repair-cost.reticencias.org/t/cost-of-asphalt-shingles-north-windham-ct-06256","https://www.gutterhelmet.com/dealers/",27,15,12,"gutter helmet dealers find a nearby dealer by zipcode","2017-12-31","2017-12-31"
472,"-","https://directoryws.com/index.php?s=A&q=com","https://gutterhelmet.com/gutter-covers.cfm",26,31,2,"gutter covers eliminate the dangers of cleaning gutters","2016-04-28","2024-02-05"
473,"Gutter Helmet, Tools &amp; Hardware, 401 Plum Industrial Park","https://hubbiz.com/w/gutter-helmet-pa-2","https://gutterhelmet.com/",26,26,3,"gutterhelmet.com","2026-05-25","2026-05-28"
474,"Gutter Helmet - Roofing - Florida - Jackson County    - USCounties.com","https://mail.uscounties.com/biz/1307542809.html","https://www.gutterhelmet.com/",26,26,19,"http://www.gutterhelmet.com","2018-11-23","2018-11-23"
475,"Aluminum Vs. Vinyl Vs. Steel Vs. PVC Gutters [Which Is Right For Your Home?] - HVACseer.com","https://hvacseer.com/aluminum-vs-vinyl-vs-steel-vs-pvc-gutters-which-is-right-for-your-home/","https://www.gutterhelmet.com/4-attractive-benefits-of-half-round-rain-gutters/",26,26,11,"half round gutter","2024-05-08","2026-07-09"
476,"Gutter Helmet - Memphis, TN Roofer - Roof.info","https://www.roof.info/roofing-contractors/tennessee/memphis/gutter-helmet/","https://www.gutterhelmet.com/",26,25,39,"www.gutterhelmet.com","2018-09-07","2026-08-23"
477,"The Globe - The world's most visited web pages","https://advertise2.com/the_worlds_most_visited_web_pages_624.html","https://www.gutterhelmet.com/",26,23,80,"624617. gutterhelmet.com","2020-02-14","2026-07-07"
478,"A thank you and a thrift basket…","https://www.kimpowerstyle.com/2011/05/thank-you-and-thrift-baske/","https://www.gutterhelmet.com/",26,23,13,"gutterhelmet","2017-08-14","2025-05-06"
479,"-","https://part-time-jobss.com/hang-christmas-lights.html","https://www.gutterhelmet.com/wp-content/uploads/2017/11/bigstock-Christmas-Roof-90934499.jpg",26,20,47,"-","2019-03-06","2019-03-06"
480,"5 Ways to Protect Your Boxes Before You Move","https://metcalfmoving.com/5-ways-to-protect-your-boxes-before-you-move/","https://www.gutterhelmet.com/5-signs-of-a-pest-infestation/",26,20,2,"signs of pests","2026-01-02","2026-07-12"
481,"-","https://funandvjs.blogspot.com/2011/03/peg-baskets-part-two.html","https://www.gutterhelmet.com/",26,19,6,"jamie","2018-05-30","2024-08-05"
482,"Gutter Helmet - Woonsocket","https://a-better-place.com/gutter-helmet-i2431563/","https://www.gutterhelmet.com/",25,27,4,"website","2019-12-28","2026-05-10"
483,"-","https://www.linkspropeller.com/find/zip-code-for-71730","https://www.gutterhelmet.com/dealers/",25,26,68,"-","2021-08-15","2021-08-15"
484,"Jersey Limo Rental Business & Professional Services Limousine Service ","https://www.infignos.com/pages/page7652.cfm","https://www.gutterhelmet.com/",25,26,4,"gutter helmet","2026-07-02","2026-07-02"
485,"-","https://www.wiizl.com/gutterhelmet.com","https://www.gutterhelmet.com/",25,26,7,"gutterhelmet.com","2018-08-18","2025-03-12"
486,"-","https://www.findatrade.com/blog/its-wimbledon-fortnight-must-be-time-to-replace-the-guttering/","https://www.gutterhelmet.com/gutter-cleaning-tools.cfm",25,25,1,"how to avoid the 5 worst gutter cleaning accidents","2017-10-19","2018-04-24"
487,"-","https://www.linkdofollow.com/search/roca-dealers","https://www.gutterhelmet.com/dealers/",25,24,23,"-","2022-07-23","2022-07-23"
488,"-","https://www.sitedownrightnow.com/search/seamless-spouting","https://www.gutterhelmet.com/dealers/",25,23,49,"-","2018-08-15","2018-08-15"
489,"-","https://web.worthingtonchamber.org/Home-Improvements","https://www.gutterhelmet.com/",25,21,1,"visit site","2017-10-02","2019-07-11"
490,"Gutter Helmet of Middlesex/New Haven Inc. | Midstate Chamber of Commerce","https://members.midstatechamber.com/news/member-news.asp?MemberID=2579&News=Gutter+Helmet+of+Middlesex%2FNew+Haven+Inc%2E","https://www.gutterhelmet.com/",25,20,"-","-","2020-05-07","2026-08-11"
491,"5 Tips to Fix Noisy Gutters and Downspouts [Infographic] | Fahey Roofing + Contracting","https://faheyroofingcontractors.com/5-tips-to-fix-noisy-gutters-and-downspouts-infographic/","https://www.gutterhelmet.com/blog/5-tips-for-silencing-noisy-rain-gutter-downspouts/",25,20,1,"https://www.gutterhelmet.com/blog/5-tips-for-silencing-noisy-rain-gutter-downspouts/","2022-01-29","2025-12-23"
492,"How do you fix a gutter drain pipe?","https://truediy.net/learn/how-do-you-fix-a-gutter-drain-pipe/","https://www.gutterhelmet.com/blog/5-tips-for-silencing-noisy-rain-gutter-downspouts/",24,31,2,"ref 1","2021-12-09","2026-08-11"
493,"How to Hang Christmas Lights without Damaging Your Roof","https://www.wrightwaybuilt.com/homeowner-tips-and-tricks/how-to-hang-christmas-lights-without-damaging-your-roof/","https://www.gutterhelmet.com/",24,31,1,"gutter helmet","2018-11-12","2026-06-22"
494,"Roof Specialties and Accessories @ ODSOL Customer Directory","https://directory.odsol.com/Others/Construction_and_Maintenance/Materials_and_Supplies/Thermal_and_Moisture/Roof_Specialties_and_Accessories/Roof_Specialties_and_Accessories.html","https://www.gutterhelmet.com/",24,28,8,"gutter helmet","2016-05-04","2026-07-12"
495,"DMR Gutters No-clog Gutter Comparison Page","https://dmr-gutters.com/lp.htm","https://www.gutterhelmet.com/",24,28,18,"gutter helmet","2016-07-17","2026-06-29"
496,"-","https://www.millennialliving.com/content/diy-rain-gutter-installation-tips","https://www.gutterhelmet.com/",24,26,37,"gutter","2017-01-09","2018-12-20"
497,"-","https://www.linkedbd.com/search/a-style-gutter","https://www.gutterhelmet.com/about-gutters/styles/",24,25,8,"-","2021-12-10","2021-12-10"
498,"-","https://www.barrybest.com/blog/gutters/a-comprehensive-guide-to-gutter-systems-and-gutter-protection/","https://www.gutterhelmet.com/wp-content/uploads/2018/10/gh-15-rain.mp4?_=1",24,24,2,"https://www.gutterhelmet.com/wp-content/uploads/2018/10/gh-15-rain.mp4?_=1","2019-01-12","2025-09-24"
499,"-","https://www.keywordsandjargon.com/search/downspout-drainage-design","https://www.gutterhelmet.com/blog/what-to-do-downspout-clogged/",24,24,38,"-","2021-10-27","2021-10-27"
500,"Anyone Had Gutter Guards Installed? - GolfBuzz","https://golfbuzz.com/d/6776-anyone-had-gutter-guards-installed","https://www.gutterhelmet.com/",24,23,12,"https://www.gutterhelmet.com/","2020-06-02","2026-07-08"
