No,Source Page Title,Source URL,Target URL,Domain Authority,Page Authority,Spam Score,Anchor Text,First Seen,Last Seen
1,"-","https://www.imdb.com/title/tt2207484/","https://www.leaffilter.com/promo/get-leaffilter-tv/",95,69,5,"official site","2023-03-23","2026-06-30"
2,"-","https://goo.gl/qxyqa","https://www.leaffilter.com/lp/special-website-offer-save-300",95,55,1,"-","2018-04-22","2026-04-20"
3,"Interstate Roofing Blog","https://feeds.feedburner.com/InterstateRoofingBlog","https://www.leaffilter.com/blog/6-tools-to-keep-your-home-safe-and-secure-this-spring/",95,48,50,"rain gutter maintenance","2016-08-06","2018-06-17"
4,"The Seven Deadly Sins Every Homeowner Commits and How to Avoid Them | by Leaf Filter | Medium","https://medium.com/@LeafFilter/the-seven-deadly-sins-every-homeowner-commits-and-how-to-avoid-them-669193101fd1","https://www.leaffilter.com/gutter-cleaning/",95,48,1,"cleaning out gutters","2018-02-20","2021-02-13"
5,"LeafFilter Gutter Protection (leaffilter) - Profile | Pinterest","https://www.pinterest.com/leaffilter/","https://www.leaffilter.com/",94,65,7,"-","2022-06-12","2026-08-24"
6,"-","https://bit.ly/2VrzhB8","https://www.leaffilter.com/?src=she19_exh_dir",94,54,"-","-","2021-01-03","2026-07-03"
7,"LeafFilter Coupons July 2024","https://coupons.usatoday.com/leaffilter","https://www.leaffilter.com/contact/",94,50,1,"contact form","2024-02-08","2024-07-09"
8,"-","https://www.washingtonpost.com/wp-dyn/articles/A18051-2004Oct8_3.html","https://www.leaffilter.com/",94,47,11,"www.leaffilter.com","2017-09-24","2018-01-04"
9,"Meghan Markle's final words before leaving royal family revealed","https://nypost.com/2023/10/14/meghan-markles-final-words-before-leaving-royal-family-revealed/","https://www.leaffilter.com/discover/pta-www/",93,53,3,"-","2024-04-10","2026-08-10"
10,"
    Got gutter clutter? We've found the best gutter guards of 2023 - CBS News","https://www.cbsnews.com/news/best-gutter-guards-of-2023/","https://www.leaffilter.com/purchase/warranty/",93,53,3,"lifetime warranty","2023-09-16","2026-06-22"
11,"3 Ways to Make a Beach - wikiHow","https://www.wikihow.com/Make-a-Beach","https://www.leaffilter.com/blog/how-to-repairs/diy-crafts-projects/bring-the-beach-to-your-backyard/",93,53,2,"https://www.leaffilter.com/blog/how-to-repairs/diy-crafts-projects/bring-the-beach-to-your-backyard/","2017-07-02","2017-09-20"
12,"Home & Utilities","https://rankings.newsweek.com/americas-best-online-platforms-2026/home-utilities","https://www.leaffilter.com/",93,43,1,"leaffilter.com","2026-08-22","2026-08-22"
13,"-","https://www.reddit.com/r/mildlyinfuriating/comments/nkbbsx/the_landlord_cut_down_a_small_tree_that_used_to/","https://www.leaffilter.com/blog/home-exteriors/roofing-gutters/why-are-gutters-so-important/",92,62,3,"https://www.leaffilter.com/blog/home-exteriors/roofing-gutters/why-are-gutters-so-important","2021-08-23","2026-08-05"
14,"LeafFilter™ to Sponsor the No. 32 Ford at NASCAR's 2014 Ford EcoBoost 400","https://www.prnewswire.com/news-releases/leaffilter-to-sponsor-the-no-32-ford-at-nascars-2014-ford-ecoboost-400-282329791.html","https://www.leaffilter.com/404-page/",92,48,2,"http://www.leaffilter.com/nascar","2024-04-28","2026-07-08"
15,"Term Sheet — Tuesday, May 2 | Fortune","https://fortune.com/2017/05/02/term-sheet-tuesday-may-2/","https://www.leaffilter.com/",92,48,1,"leaffilter","2022-08-01","2026-07-07"
16,"-","https://domingo54lelia.blog.fc2.com/blog-entry-2.html","https://www.leaffilter.com/blog/home-exteriors/roofing-gutters/roof-leak-repair-tips/",92,46,12,"relevant internet page","2018-12-21","2019-03-26"
17,"-","https://apnews.com/press-release/PRNewswire/technology-business-4f1946a6ede55eea8660294638797629","https://www.leaffilter.com/",92,45,2,"leaffilter® gutter protection","2025-05-24","2026-06-27"
18,"-","https://ohallorancocom.b-cdn.net/merchant-market-postandcourier-com/","https://www.leaffilter.com/",92,44,82,"leaffilter.com","2022-11-24","2026-07-05"
19,"So, a 75 basis point surprise CUT Wednesday?","https://rudy.substack.com/p/so-a-75-basis-point-surprise-cut","https://www.leaffilter.com/finance-terms/",92,44,1,"-","2023-04-02","2024-12-04"
20,"Leaf Filter - Akron, Ohio | about.me","https://about.me/leaf_filter","https://www.leaffilter.com/",92,43,6,"view my portfolio","2023-06-05","2026-08-25"
21,"Operations Analyst – Career Design Lab | Columbia University – School of Professional Studies","https://careerdesignlab.sps.columbia.edu/jobs/leaffilter-operations-analyst/","https://www.leaffilter.com/",92,43,1,"www.leaffilter.com","2021-12-07","2021-12-07"
22,"WEB DIRECTORY","https://isonade.pages.dev/09/ZvrJXjdXDV","https://www.leaffilter.com/linear-tv/?map_phone=true",92,42,"-","getleaffilter.com","2026-07-02","2026-07-02"
23,"-","https://kezk.cbslocal.com/tag/first-sip-of-summer/feed/","https://www.leaffilter.com/",92,42,1,"leaffilter.com","2017-11-12","2017-11-12"
24,"Ask the Remodeler: Are gutter covers a good idea in New England?","https://www.boston.com/real-estate/home-improvement/2023/07/05/ask-the-remodeler-are-gutter-covers-good-idea/","https://www.leaffilter.com/",92,42,1,"leaffilter","2026-05-02","2026-08-15"
25,"The Home Improvement and DIY Thread | Page 474 | Ars OpenForum","https://arstechnica.com/civis/threads/the-home-improvement-and-diy-thread.1179337/page-474","https://www.leaffilter.com/",92,42,1,"leaffilter","2023-05-02","2026-05-08"
26,"Why I love the proliferation of green roofs and living walls | New Scientist","https://www.newscientist.com/article/2334661-why-i-love-the-proliferation-of-green-roofs-and-living-walls/","https://www.leaffilter.com/blog/home-exteriors/roofing-gutters/green-roof-pros-cons/",92,41,2,"barriers against noise","2026-07-26","2026-07-26"
27,"Ep. 1489 - Biden’s DHS Enabled A Deadly Criminal And Hoped You Wouldn’t Notice | The Matt Walsh Show Episode on Amazon Music","https://music.amazon.in/podcasts/1cd472e0-6f55-4145-a936-5e2f1269e4d0/episodes/e9ae0024-6490-40c1-945b-096abb32924a/the-matt-walsh-show-ep-1489---biden%E2%80%99s-dhs-enabled-a-deadly-criminal-and-hoped-you-wouldn%E2%80%99t-notice","https://www.leaffilter.com/Walsh",92,41,28,"https://www.leaffilter.com/walsh","2025-03-19","2025-03-19"
28,"LeafFilter Gutter Protection | BBB Business Profile | Better Business Bureau","https://www.bbb.org/us/oh/worthington/profile/gutter-guards/leaffilter-gutter-protection-0302-70051861","https://www.leaffilter.com/",91,51,5,"leaffilter.com","2025-05-10","2026-07-06"
29,"LeafFilter Gutter Protection - Crunchbase Company Profile & Funding","https://www.crunchbase.com/organization/leaffilter-north-inc","https://www.leaffilter.com/",91,50,1,"www.leaffilter.com","2024-11-08","2026-05-07"
30,"-","https://patch.com/new-york/deerpark-northbabylon/calendar/event/20220826/1918135/famous-food-festival-taste-the-world-long-island-tanger-outlets-deer-park-ny","https://www.leaffilter.com/",91,48,1,"leaf filter","2022-08-14","2026-07-03"
31,"Home Improvement","https://pages.cs.wisc.edu/%7Ebolo/house/improvement.html","https://www.leaffilter.com/",91,47,1,"leaf filter","2016-07-05","2026-07-03"
32,"屍戮沼澤 - 维基百科，自由的百科全书","https://zh.wikipedia.org/wiki/%E5%B1%8D%E6%88%AE%E6%B2%BC%E6%BE%A4","https://www.leaffilter.com/promo/get-leaffilter-tv/",91,47,15,"官方网站","2023-03-27","2026-06-30"
33,"LeafFilter Gutter Protection Named to 2014 Exterior Contractor Top 200","https://www.prweb.com/releases/leaffilter_gutter_protection_named_to_2014_exterior_contractor_top_200/prweb12432696.htm","https://www.leaffilter.com/",91,42,6,"http://www.leaffilter.com","2024-05-14","2026-06-10"
34,"houseplants - Rainwater off the roof ok for plants? - Gardening & Landscaping Stack Exchange","https://gardening.stackexchange.com/questions/38997/rainwater-off-the-roof-ok-for-plants","https://www.leaffilter.com/blog/",91,41,9,"https://www.leaffilter.com/blog/home-exteriors/roofing-gutters/6-reasons-save-rainwater/","2024-02-14","2026-07-07"
35,"Pro Rata - May 2, 2017","https://www.axios.com/newsletters/axios-pro-rata-efcd8344-27a1-400e-84fb-40c0b6e605d9.html","https://www.leaffilter.com/",91,41,4,"www.leaffilter.com","2024-07-09","2026-07-18"
36,"Contractors & Construction Worthington, OH - Business Listings Directory powered by Homestead Technologies","https://listings.homestead.com/g8869-worthington-oh/c36-contractors-construction?name=Contractors%20&%20Construction&where=&start=40","https://www.leaffilter.com/",91,41,5,"-","2017-08-28","2026-07-05"
37,"-","https://m.blog.daum.net/jysjkjjsh/14156468?tp_nil_a=2","https://www.leaffilter.com/",91,40,25,"https://www.leaffilter.com/","2017-10-19","2018-01-19"
38,"Businesses Extend Hours, Hawthorne 109 Opens, Property Manager Receives Honor, Order Hot Cross Buns and more!","https://myemail.constantcontact.com/Businesses-Extend-Hours--Hawthorne-109-Opens--Property-Manager-Receives-Honor--Order-Hot-Cross-Buns-and-more-.html?soid=1101954597395&aid=ah3IgMMI6Kk","https://www.leaffilter.com/locations/",90,45,1,"leaf filter gutter protection","2023-10-12","2026-08-04"
39,"Kyle at Conventions","https://www.spreaker.com/show/3357361/episodes/feed","https://www.leaffilter.com/locations/houston-gutter-guards/",90,45,3,"https://www.leaffilter.com/loc...","2025-05-05","2026-07-05"
40,"-","https://ow.ly/XNQw30lSnU5","https://www.leaffilter.com/blog/home-exteriors/roofing-gutters/what-exactly-causes-clogged-gutters/",90,42,"-","-","2021-02-19","2021-06-09"
41,"-","https://storify.com/PremiumFascias/guttering-derby-avoiding-ice-damage-to-guttering","https://www.leaffilter.com/leaffilter-blog/7-steps-to-preventing-roof-and-gutter-damage-from-ice-and-snow",90,41,4,"7 steps to preventing roof and gutter damage from ice and snow","2018-03-24","2018-03-24"
42,"-","https://showcaseandtasting.godaddysites.com/exhibitor-booths","https://www.leaffilter.com/",90,39,1,"leaffilter.com","2023-04-13","2024-01-18"
43,"Alive on 25 — Riverhead's Summer Block Party","https://aliveon25.lovable.app/","https://www.leaffilter.com/",90,38,7,"leaffilter","2026-07-19","2026-07-19"
44,"POLL: How often should pest control be done? | Houzz Forum","https://www.houzz.com/discussions/3912278/poll-how-often-should-pest-control-be-done","https://www.leaffilter.com/blog/plants-naturally-repel-pests/",89,51,1,"here","2025-03-24","2026-05-31"
45,"-","https://toledo.craigslist.org/lbg/d/maumee-subcontractor-installer-weekly/7111262323.html","https://www.leaffilter.com/company/careers/installation/",89,41,1,"https://www.leaffilter.com/company/careers/installation/","2020-04-29","2020-04-29"
46,"LeafFilter Gutter Protection - MLive - The Grand Rapid Press","https://grandrapidsshopping.mlive.com/memphis-tn/leaffilter-gutter-protection-844-440-9814","https://www.leaffilter.com/save250",89,40,2,"cleaning services in memphis tn","2024-07-11","2024-10-16"
47,"Leaf Filter Gutter Protection - Oregon Live - The Oregonian","https://admin.shopping.oregonlive.com/hudson-oh/leaf-filter-gutter-protection-844-440-9814","https://www.leaffilter.com/",89,40,1,"http://www.leaffilter.com/","2024-12-15","2026-07-05"
48,"Kyle at Conventions | iHeart","https://www.iheart.com/podcast/966-kyle-at-conventions-48575935/","https://www.leaffilter.com/locations/houston-gutter-guards/",89,39,5,"https://www.leaffilter.com/loc...","2025-05-17","2026-07-10"
49,"-","https://local.yahoo.com/info-224602452-leaf-filter-gutter-protection-orlando","https://www.leaffilter.com/",89,37,2,"website","2021-09-01","2023-02-14"
50,"-","https://www.ask.com/web?q=LeafFilter%20North%2C%20Inc.%20%20v.%20Caldwell%20et%20al","https://www.leaffilter.com/press/expands-to-south-carolina/",88,42,21,"leaffilter opens new sc office leaffilter north inc","2018-02-22","2018-02-22"
51,"-","https://www.cleveland.com/akron/2017/05/leaffilter_owner_president_nam.html","https://www.leaffilter.com/",88,40,2,"leaffilter gutter protection","2020-04-28","2026-02-11"
52,"-","https://job-openings.monster.com/Service-Assistant-Hudson-OH-US-LeafFilter-North-LLC/217655133","https://www.leaffilter.com/careers",88,39,2,"www.leaffilter.com/careers","2020-05-29","2020-05-29"
53,"-","https://cruisin1430.radio.com/events/art-living-2018","https://www.leaffilter.com/",88,39,3,"leaf filter","2021-03-02","2021-03-02"
54,"The Garage (Aftermarket) - LA Auto Show","https://wordpress-352197-1092193.cloudwaysapps.com/the-garage/","https://www.leaffilter.com/",88,38,1,"leaf filter","2023-01-15","2023-10-21"
55,"-","https://www.comingsoon.net/horror/news/735916-the-muck-trailer-has-arrived-and-its-press-release-is-ridiculous","https://www.leaffilter.com/promo/get-leaffilter-tv/",88,38,1,"official site","2023-03-29","2026-07-02"
56,"LeafFilter Gutter Protection, 102 S Flora Rd, Greenacres, WA 99016, US - MapQuest","https://www.mapquest.com/us/washington/leaffilter-gutter-protection-428883362","https://www.leaffilter.com/locations/washington/spokane/",87,41,15,"website","2025-03-21","2026-06-02"
57,"LeafFilter Promo Code & Coupon Deals - April 2023","https://coupons.charlotteobserver.com/coupons/leaffilter.com","https://www.leaffilter.com/",87,40,1,"-","2023-04-04","2023-04-04"
58,"30 Leaf Filter Coupons, Promo Codes - March 2023","https://coupons.sacbee.com/coupons/leaffilter.com","https://www.leaffilter.com/",86,42,1,"-","2023-03-20","2023-03-20"
59,"-","https://new.madison.com/clients/WomensExpo/2017/","https://www.leaffilter.com/why-leaffilter/leaffilter/",86,39,1,"visit site","2018-06-26","2026-07-02"
60,"-","https://orangered-hawk-398866.hostingersite.com/dealstore/leaffilter/","https://www.leaffilter.com/discover/",86,37,"-","go to shop","2026-03-23","2026-07-05"
61,"Best 30 Roofing Contractors in North Bergen, NJ with Reviews | The Real Yellow Pages®","https://www.yellowpages.com/north-bergen-nj/roofing-contractors","https://www.leaffilter.com/discover/?y_source=1_MTkwMzIyNDgtNTUzLWxvY2F0aW9uLnJlc2VydmF0aW9uX3VybA%3D%3D",85,49,2,"website","2026-04-23","2026-04-26"
62,"Local business owner to meet with President Trump | wkyc.com","https://www.wkyc.com/article/money/business/local-business-owner-to-meet-with-president-trump/95-457603567","https://www.leaffilter.com/",85,44,4,"their website","2022-04-17","2026-07-13"
63,"-","https://local.northjersey.com/loc-leaffilter-mediabids-flmt-506925","https://www.leaffilter.com/",85,38,1,"website","2019-12-03","2020-09-15"
64,"-","https://local.courier-journal.com/louisville-ky/construction/building-supplies/leaffilter-of-kentucky/2016-07-18-3685908-rated-the-nations-best-gutter-protection-leaf-filter-gutter-protection-over-25-million-feet-installed-zero-clogged-gutters-installs-on-new-or-existing-gutters-stainless-steel-micro-filter-keeps-out-all-debris-low-profile-system-cant-be-s","https://www.leaffilter.com/",85,37,1,"website","2017-12-12","2017-12-12"
65,"-","https://rumble.com/v6zd0uy-jimmy-kimmel-returns-after-more-left-wing-terrorism-ep.-1820.html","https://www.leaffilter.com/KNOWLES",84,38,3,"https://leaffilter.com/knowles","2026-01-06","2026-07-21"
66,"Is LeafFilter Worth the Cost? | Angi","https://www.angi.com/articles/leaffilter-review-worth-cost-or-not.htm","https://www.leaffilter.com/",83,51,2,"leaffilter’s website","2025-06-08","2026-07-27"
67,"The Best Gutter Guards for Your Home | Family Handyman","https://www.familyhandyman.com/article/the-best-gutter-guards/","https://www.leaffilter.com/",83,45,3,"leaffilter","2024-04-19","2026-06-28"
68,"LeafFilter Gutter Protection Coupons and Promo Deals - 45 - April 2023","https://coupons.newsobserver.com/coupons/leaffilter.com","https://www.leaffilter.com/",83,40,1,"-","2023-04-05","2023-04-05"
69,"-","https://www.news4jax.com/river-city-live/2017/03/29/as-seen-on-river-city-live/","https://www.leaffilter.com/locations/",83,38,1,"leaf filter","2023-08-19","2026-07-08"
70,"Facebook","https://www.dreadcentral.com/news/73656/exclusive-check-clip-muck-specifically-chosen-dread-central-readers/","https://www.leaffilter.com/promo/get-leaffilter-tv/",83,35,1,"official muck website","2023-03-23","2026-07-01"
71,"Average LeafFilter North Salary | PayScale","https://www.payscale.com/research/US/Employer=LeafFilter_North/Salary","https://www.leaffilter.com/",82,40,1,"http://www.leaffilter.com","2018-10-17","2023-01-30"
72,"-","https://www.clickorlando.com/features/2025/07/31/nations-most-mosquito-friendly-city-is-here-in-florida-study-claims/","https://www.leaffilter.com/blog/americas-most-mosquito-prone-cities/",82,38,1,"the most “mosquito friendly” cities","2025-11-01","2026-02-03"
73,"Leaf Home™ and Nextdoor help neighbors improve and preserve their homes","https://business.nextdoor.com/en-us/enterprise/blog/leaf-home-and-nextdoor-help-neighbors-improve-and-preserve-their-homes","https://www.leaffilter.com/discover/nd/",82,38,21,"leaffilter","2023-06-06","2026-06-21"
74,"October 2, 2013 | Fox 8 Cleveland WJW","https://fox8.com/on-air/new-day-cleveland/october-2-2013/","https://www.leaffilter.com/site/",82,36,1,"www.leaffilter.com","2020-02-19","2026-06-19"
75,"NBC CT Health and Wellness Festival Today – NBC Connecticut","https://www.nbcconnecticut.com/news/local/health-and-wellness-festival-2017/20941/","https://www.leaffilter.com/",81,39,1,"leaf filter","2019-12-29","2026-07-07"
76,"CNN Cheers Clyburn on to Complain About Trump Not Conceding | Newsbusters","https://www.newsbusters.org/blogs/nb/brad-wilmouth/2020/11/12/cnn-cheers-clyburn-complain-about-trump-not-conceding","https://www.leaffilter.com/contact/",81,38,12,"leaf filter","2020-11-22","2026-07-16"
77,"-","https://www.hometalk.com/posts/repair/home-exterior/q-gutters-40340078","https://www.leaffilter.com/blog/home-exteriors/roofing-gutters/issue-gutter-heaters/",81,38,1,"https://www.leaffilter.com/blog/home-exteriors/roofing-gutters/issue-gutter-heaters/","2022-11-09","2023-05-17"
78,"LeafFilter Gutter Protection","https://slides.com/leaffiltersdef/leaffilter-gutter-protection","https://www.leaffilter.com/locations/michigan/port-huron/",81,37,1,"gutter install shelby township","2026-07-13","2026-07-13"
79,"Sitemap – The Press Democrat","https://www.pressdemocrat.com/sitemap/2025/11/24/","https://www.leaffilter.com/blog/lifestyle/family/hang-christmas-lights/",81,36,1,"-","2025-12-02","2026-06-13"
80,"-","https://forum.lowyat.net/topic/1761694/+2580","https://www.leaffilter.com/blog/",81,36,2,"https://www.leaffilter.com/blog/how-to-repa...-grouting-tile/","2025-09-24","2026-07-02"
81,"The Woodworking Shows | Syracuse","https://twws-responsive.businesscatalyst.com/syracuse.html","https://www.leaffilter.com/",81,34,46,"-","2020-04-21","2020-07-27"
82,"Tyson Foods to Remove High Fructose Corn Syrup and Additives - Men's Fitness","https://www.mensfitness.com/news/popular-food-brand-announces-removal-of-high-fructose-corn-syrup-and-other-additives","https://www.leaffilter.com/discover/sa-www/taboola-prospecting-dynamic-kw-control/",81,34,17,"-","2026-07-15","2026-07-21"
83,"Michigan football: What they're saying on NCAA ruling","https://www.on3.com/teams/michigan-wolverines/news/michigan-wolverines-football-what-theyre-saying-on-ncaa-ruling/","https://www.leaffilter.com/demand-gen/taboola-kw-replacement",81,33,7,"-","2025-12-05","2026-07-28"
84,"Ep. 1751 - The INSANE Left Wing Law That Is Causing Another Mass Exodus. What Happens Next? - Pocket Casts","https://pocketcasts.com/podcast/the-matt-walsh-show/7ffa83f0-19b2-0136-c266-7d73a919276a/ep-1751-the-insane-left-wing-law-that-is-causing-another-mass-exodus-what-happens-next/02bd09cb-e62b-41a3-8433-1688fa2892d8","https://www.leaffilter.com/WALSH",81,32,9,"https://leaffilter.com/walsh","2026-04-01","2026-08-22"
85,"-","https://www.homeadvisor.com/rated.LeafFilterNorthofDenver.62404867.html","https://www.leaffilter.com/discover/",80,50,1,"www.leaffilter.com/discover/","2018-07-01","2018-12-27"
86,"-","https://www.zoominfo.com/people/Brittany/Fitzgerald","https://www.leaffilter.com/",80,41,2,"www.leaffilter.com","2020-04-02","2020-04-02"
87,"-","https://truthpress.beehiiv.com/p/massive-food-stamp-fraud-busted","https://www.leaffilter.com/discover/nd-www/cost-gutter-guards-owner/?rc_uuid=2e78936d-93c1-4c59-a0f0-91c46802bc4d",80,37,2,"-","2026-02-09","2026-02-09"
88,"-","https://castbox.fm/episode/Ep.-2087---Here-Comes-The-BOOM%3A-Trump-Exploding-Status-Quo-id10257-id754436779","https://www.leaffilter.com/discover/radio-1/?if_dc=save-15",80,36,5,"https://www.leaffilter.com/shapiro","2024-11-30","2026-07-05"
89,"Gulf Coast Home and Outdoor Expo | Meet the Exhibitors","https://www.wkrg.com/gulf-coast-home-and-outdoor-expo/exhibitor-list/","https://www.leaffilter.com/",80,34,2,"leaffilter gutter protection","2023-04-14","2026-06-09"
90,"How Much Does a Gutter Guard Cost to Install? - Bob Vila","https://www.bobvila.com/articles/gutter-guard-cost/","https://www.leaffilter.com/",79,51,2,"leaffilter","2022-09-03","2026-06-26"
91,"-","https://www.dslreports.com/forum/r19629340-Warning-about-Leafguard-Gutters","https://www.leaffilter.com/",79,40,12,"www.leaffilter.com/","2017-08-26","2019-07-26"
92,"-","https://www.redfin.com/blog/2015/10/why-gutter-protection-is-way-more-important-than-you-think.html","https://www.leaffilter.com/ctv-2/?map_phone=true",79,39,6,"gutter guards","2026-06-22","2026-06-22"
93,"-","https://www.dogpile.com/INFO.DOGPL.T12.4/SEARCH/images?qsi=36&q=WWW%20Protectyourhome%20Com&fcoid=4&fcop=results-bottom&om_nextpage=True&fpid=2","https://www.leaffilter.com/why-leaffilter/leaffilter-reviews/",79,38,5,"protect-your-home-from-rain-by-leaffilter.jpg","2024-02-23","2026-06-30"
94,"Leaf Filter in Rochester Weekly Circulars | Rochester Democrat and Chronicle","https://findnsave.democratandchronicle.com/Circulars/204844/Leaf-Filter","https://www.leaffilter.com/",79,36,1,"website","2017-06-01","2020-09-25"
95,"Careers at Leaf Filter Gutter Protection","https://careers.smartrecruiters.com/LeafFilterGutterProtection","https://www.leaffilter.com/",79,36,2,"home page","2018-02-16","2026-08-25"
96,"The #1 Fall Fix That Could Save Homeowners Thousands | WPRI.com","https://www.wpri.com/rhode-show/the-1-fall-fix-that-could-save-homeowners-thousands/","https://www.leaffilter.com/Season",79,35,6,"leaffilter a leaf home company","2026-01-02","2026-08-02"
97,"2025 Gutter Guard Cost Estimates | Get Free Price Quotes","https://www.thumbtack.com/p/gutter-guards-cost","https://www.leaffilter.com/blog/gutter-cleaning/types-of-gutter-guards/",78,48,2," 20 years or more","2024-01-24","2025-09-23"
98,"-","https://www.ispot.tv/ad/IHPC/leaffilter-end-gutter-cleaning-forever-featuring-matt-kaulig","https://www.leaffilter.com/linear-tv/?map_phone=true",78,42,1,"http://www.getleaffilter.com","2026-07-03","2026-07-03"
99,"LeafFilter Gutter Protection - Utica MI 48315 | 800-290-6106","https://www.merchantcircle.com/leaffilter-gutter-protection32-utica-mi","https://www.leaffilter.com/?y_source=1_MzMyOTI5MTQtMzk4LWxvY2F0aW9uLndlYnNpdGU%3D",78,38,2,"www.leaffilter.com","2024-04-14","2024-04-14"
100,"Estimating Home Repair Prices","https://marsh38groth.thezenweb.com/Estimating-Home-Repair-Prices-14001226","https://www.leaffilter.com/blog/gutter-cleaning/gutter-cleaning-cost/",78,38,14,"when","2018-03-19","2019-02-11"
101,"LeafFilter Gutter Protection - Business Profile - leaffilter | PRLog","https://biz.prlog.org/leaffilter/","https://www.leaffilter.com/",78,38,6,"website","2020-05-06","2026-07-08"
102,"Estimating Home Repair Costs","https://huntmead36.tinyblogging.com/Estimating-Home-Repair-Costs-11667133","https://www.leaffilter.com/blog/gutter-cleaning/gutter-cleaning-cost/",78,36,23,"when","2018-03-02","2019-02-21"
103,"Blow Jam Presents PODSMASH 7: I Heart iTunes by Blow Jam | Podchaser","https://www.podchaser.com/podcasts/blow-jam-826610/episodes/blow-jam-presents-podsmash-7-i-38434114","https://www.leaffilter.com/",78,36,4,"https://www.leaffilternow.com","2024-04-07","2026-07-07"
104,"Top 10 Sites about Rain Gutters | Xmarks","https://www.xmarks.com/topic/rain_gutters","https://www.leaffilter.com/",78,34,79,"thumbnail of screenshot of gutter protection by leaffilter gutter protection for gutter systems","2017-12-05","2018-02-25"
105,"More Bad Ads on TV and Cable – A Critique - American Thinker","https://www.americanthinker.com/articles/2025/08/more_bad_ads_on_tv_and_cable_a_critique.html","https://www.leaffilter.com/",77,43,3,"leaffilter","2025-10-14","2025-10-14"
106,"-","https://www.oann.com/newsroom/bongino-multiple-arrested-at-protests-against-l-a-ice-raids-you-bring-chaos-well-bring-handcuffs/","https://www.leaffilter.com/promo-www",77,40,10,"-","2025-06-13","2025-12-29"
107,"Estimating Home Repair Prices","https://upton71flood.onesmablog.com/Estimating-Home-Repair-Prices-13352751","https://www.leaffilter.com/blog/gutter-cleaning/gutter-cleaning-cost/",77,38,14,"when","2018-06-28","2019-02-22"
108,"-","https://www.cbinsights.com/company/leaffilter","https://www.leaffilter.com/",77,37,2,"leaffilter.com","2018-08-13","2026-07-05"
109,"Estimating Home Repair Prices","https://cherry18cherry.pointblog.net/Estimating-Home-Repair-Prices-15642072","https://www.leaffilter.com/blog/gutter-cleaning/gutter-cleaning-cost/",77,37,25,"when","2018-07-08","2019-09-02"
110,"TOOLS by Design on Direct.me","https://direct.me/toolsbydesign","https://get.leaffilter.com/discover/",77,35,11,"leaf home leaffilter gutter protection tap for fre","2024-02-01","2026-06-29"
111,"Groupon: Bully Sticks (10-Pack) | Town & Country Subscription | Little Passports | Milled","https://milled.com/groupon-ch/bully-sticks-10-pack-town-and-country-subscription-little-passports-8NKXyOax8n1HbIhV","https://www.leaffilter.com/discover/gd-www/?adgroupid=517715&campaignid=1196359&li_did=2b60a81c-2feb-387b-8c14-ca889031cdad",77,35,13,"-","2024-03-07","2026-07-15"
112,"Home improvement expert Chris Counahan from LeafFilter shares tips to protect your gutters","https://news4sanantonio.com/sa-living/home-improvement-expert-chris-counahan-from-leaffilter-shares-tips-to-protect-your-gutters","https://www.leaffilter.com/",77,34,2,"leaffilter.com/season","2025-11-15","2026-09-01"
113,"Google Answers: ""Best Leaf-Blocking Gutters""","https://answers.google.com/answers/threadview/id/253224.html","https://www.leaffilter.com/Pages/LF%20Gutter%20Guarantee.html",77,32,24,"http://www.leaffilter.com/pages/lf%20gutter%20guarantee.html","2018-07-01","2026-07-04"
114,"Best Gutter Guards for Pine Needles of 2026 (Tested)","https://www.thisoldhouse.com/gutters/best-gutter-guards-for-pine-needles","https://www.leaffilter.com/",76,47,1,"leaffilter","2025-02-16","2026-07-05"
115,"Healthy Yards Expo | K-State | Kansas State University","https://www.johnson.k-state.edu/programs/lawn-garden/special-events/healthy-yards-expo/","https://www.leaffilter.com/discover/sa-www/bing-brand-why-leaffilter-page-control/?map_phone=true&campaignid=361732786&adgroupid=1279832833543522&network=o&device=c&creative=&keyword=leaffilter%20locations&adposition=&loc_physical_ms=90781&msclkid=8491a439b146153e3220cdb62eafb8ee&gclid=8491a439b146153e3220cdb62eafb8ee&gclsrc=3p.ds&gad_source=7&gad_campaignid=1",76,44,1,"leaf filter","2026-04-16","2026-07-18"
116,"LeafFilter shares easy ways to increase the value of your home – Metro US","https://www.metro.us/leaffilter-shares-easy-ways-to-increase-the-value-of-your-home/","https://www.leaffilter.com/",76,43,2,"leaffilter","2024-04-13","2025-04-26"
117,"-","https://www.greenvilleonline.com/story/news/2016/04/08/greenville-top-city-celebrate-earth-day/82786318/","https://www.leaffilter.com/blog/top-11-places-celebrate-earth-day-plus-5-bonus-kids-earth-day-events/",76,37,1," top 11 cities","2017-09-14","2025-04-12"
118,"Estimating Home Repair Costs","https://pedersenpedersen3.blog5.net/12831734/estimating-home-repair-costs","https://www.leaffilter.com/blog/gutter-cleaning/gutter-cleaning-cost/",76,36,28,"when","2018-04-24","2021-03-17"
119,"-","https://purcellbullard06.blog2learn.com/11169783/estimating-home-repair-prices","https://www.leaffilter.com/blog/gutter-cleaning/gutter-cleaning-cost/",76,36,28,"when","2018-03-13","2018-07-26"
120,"Harvest Day Sponsors | UC Master Gardeners of Sacramento County","https://www.ucanr.edu/site/uc-master-gardeners-sacramento-county/harvest-day-sponsors","https://www.leaffilter.com/",75,36,6,"leaffilter gutter protection","2025-04-30","2026-07-22"
121,"AICN HORROR looks at DANNY’S DOOMSDAY! SPRING! MUCK! ZOMBEAVERS! HALLOWEEN: RESURRECTION!","https://legacy.aintitcool.com/node/70797","https://www.leaffilter.com/promo/get-leaffilter-tv/",75,35,2,"find out more about this film here","2023-03-23","2026-06-30"
122,"How homeowners are solving the biggest holiday decorating headaches - KTVZ","https://ktvz.com/stacker-money/2025/11/20/how-homeowners-are-solving-the-biggest-holiday-decorating-headaches/","https://www.leaffilter.com/blog/lifestyle/family/hang-christmas-lights/",75,34,1,"-","2025-12-30","2026-01-02"
123,"Leaf Filter - Boston News, Weather, Sports | WHDH 7News","https://whdh.com/news/leaf-filter/","https://www.leaffilter.com/",75,34,2,"-","2017-02-23","2026-06-28"
124,"Leaf Filter Review | Leaffilter.com Ratings & Customer Reviews – Jul '26","https://leaffilter.knoji.com/","https://www.leaffilter.com/blog/gutter-cleaning/gutter-cleaning-faqs/",74,40,3,"leaf filter customer service page","2024-10-15","2026-07-09"
125,"LeafFilter’s Competitors, Revenue, Number of Employees, Funding, Acquisitions & News - Owler Company Profile","https://www.owler.com/company/leaffilter","https://www.leaffilter.com/",74,39,1,"http://leaffilter.com/","2023-12-12","2026-07-09"
126,"Estimating Home Repair Prices","https://brun65maloney.ampblogs.com/Estimating-Home-Repair-Prices-16793975","https://www.leaffilter.com/blog/gutter-cleaning/gutter-cleaning-cost/",74,38,28,"when","2019-04-28","2019-04-28"
127,"Save your home this fall with Leaf Filter's gutter defense system","https://www.fox17online.com/morning-mix/save-your-home-this-fall-with-leaf-filters-gutter-defense-system","https://www.leaffilter.com/",74,34,7,"leaffilter.com","2025-12-26","2026-07-03"
128,"5 Winterizing Hacks to Keep Your Pipes From Bursting in Frigid Temperatures","https://winter-plumbing-tip77543.blogpostie.com/28825896/5-winterizing-hacks-to-keep-your-pipes-from-bursting-in-frigid-temperatures","https://www.leaffilter.com/blog/",74,34,15,"book appointment","2024-06-26","2026-07-07"
129,"The MeidasTouch Podcast","https://feeds.megaphone.fm/PDR2572281095","https://www.leaffilter.com/meidas",73,46,14,"https://leaffilter.com/meidas","2026-07-06","2026-07-06"
130,"-","https://topwebdirectoy.com/most-visited-site-51/","https://www.leaffilter.com/",73,45,7,"leaffilter.com","2023-05-18","2026-07-05"
131,"Best 30 House Cleaning in Shreveport, LA | superpages.com","https://www.superpages.com/shreveport-la/cleaning-services","https://www.leaffilter.com/locations/louisiana/shreveport/?y_source=1_MjA2NTA3NTAtNTUzLWxvY2F0aW9uLndlYnNpdGU%3D",73,43,3,"visit website","2026-03-25","2026-03-25"
132,"Home and Garden 2023","https://www.wsaz.com/page/home-and-garden-2023/","https://www.leaffilter.com/",73,41,2,"www.leaffilter.com","2023-03-08","2026-08-02"
133,"LeafFilter vs. LeafGuard: Which Has the Best Performance?","https://www.homedit.com/gutters/installation-companies/leaffilter-vs-leafguard/","https://www.leaffilter.com/",73,40,1,"leaffilter","2022-12-06","2026-08-11"
134,"Mountain Heritage Days","https://www.wcu.edu/engage/mountain-heritage-days/index.aspx","https://www.leaffilter.com/",73,40,1,"leaffilter","2026-04-09","2026-07-15"
135,"Beautiful Tips About How To Repair A Soffit  - Servicecomplex10","https://servicecomplex10.pythonanywhere.com/how-to-repair-a-soffit.html","https://www.leaffilter.com/wp-content/uploads/2017/08/tackle-soffit-repair-2017-2.jpg",73,39,4,"how to tackle soffit repair leaffilter gutter protection","2024-12-13","2026-08-12"
136,"-","https://www.triplepundit.com/story/2015/how-integrate-sustainability-marketing-communications/30571","https://www.leaffilter.com/ctv-2/?map_phone=true",73,38,1,"leaf filter","2026-06-22","2026-06-22"
137,"-","https://www.haikudeck.com/fall-maintenance-tips-how-to-presentation-x0yJu42IRW","https://www.leaffilter.com/",73,36,1,"http://www.leaffilter.com/","2018-08-12","2026-01-19"
138,"-","https://local.postbulletin.com/shakopee-mn/leaf-filter-shakopee-1-855-845-8425","https://www.leaffilter.com/discover/",73,34,1,"https://www.leaffilter.com/discover","2026-01-13","2026-07-02"
139,"-","https://www.cox.com/search/residential/myconnection/8277567749239937007/external.cox?crumbs=%7E%2Fresidential%2Fexternal&term=Y2hyaXN0bWFzIGxpZ2h0cw&encoded=true&start=160","https://www.leaffilter.com/blog/lifestyle/family/hang-christmas-lights/",73,34,1,"how to hang christmas lights leaffilter","2017-09-19","2026-07-20"
140,"Original Ways To Celebrate First Father's Day","https://www.babygaga.com/celebrate-first-fathers-day-original-ideas/","https://www.leaffilter.com/blog/how-to-repairs/diy-crafts-projects/bring-the-beach-to-your-backyard/",73,33,1,"the leaflet","2022-06-07","2022-12-14"
141,"-","https://c212.net/c/link/?t=0&l=en&o=3428704-1&h=1865323966&u=https%3A%2F%2Fwww.leaffilter.com%2Fpurchase%2Flocations%2F%3Futm_source%3D41M%26utm_medium%3Dnews%26utm_campaign%3Djanoffice22-ND&a=U.S.","https://www.leaffilter.com/locations/",72,43,40,"-","2025-12-15","2026-07-02"
142,"Muck - Muck (2015) - Film - CineMagia.ro","https://www.cinemagia.ro/filme/muck-582328/","https://www.leaffilter.com/promo/get-leaffilter-tv/",72,38,5,"muck","2023-03-23","2026-07-02"
143,"-","https://activerain.com/blogsview/407724/who-is-guarding-your-house-","https://www.leaffilter.com/how_it_works.php",72,37,1,"leaffilter","2017-12-14","2024-06-28"
144,"-","https://drupal.prod.crainscleveland.com/manufacturing/leaffilter-expands-west-coast-presence","https://www.leaffilter.com/discover/get-leaffilter/?campaignid=719614731&adgroupid=37251294403&network=g&device=c&creative=313322160698&keyword=leaffilter&adposition=1t1&loc_physical_ms=9015312&gclid=EAIaIQobChMIipuNwtyi4AIVE57ACh3cyglPEAAYASAAEgK4e_D_BwE",72,33,1,"leaffilter","2019-02-09","2019-02-09"
145,"
	RECEPTIONIST JOBS AT LEAFFILTER
","https://www.jobs.net/jobs/leaffilter/en-us/search/United-States/title/Receptionist/","https://www.leaffilter.com/company/",72,32,2,"about us","2018-02-16","2026-07-03"
146,"-","https://560theanswer.com/lifestyle/doctors-told-a-dad-his-daughter-would-never-walk-on-her-own-he-built-a-way-to-ge?page=4","https://www.leaffilter.com/",72,26,24,"leaffilter","2026-04-04","2026-04-04"
147,"How Matt Kaulig Built His Business Empire and Net Worth ","https://marketrealist.com/p/matt-kaulig-net-worth/","https://www.leaffilter.com/",71,45,1,"leaffilter","2021-08-28","2026-06-26"
148,"-","https://www.doityourself.com/forum/roofing-gutters-all-waterproofing-anywhere/569828-frost-king-gutter-guard-flexible-6-screen-rolls-leaf-guard-how-mount.html","https://www.leaffilter.com/",71,39,2,"leaffilter products and technology","2024-03-18","2026-07-11"
149,"20 Best Gutter Cleaning Blogs to Follow in 2026","https://bloggers.feedspot.com/gutter_cleaning_blogs/","https://www.leaffilter.com/blog/",71,37,"-","https://www.leaffilter.com/blog/","2025-10-23","2026-08-10"
150,"Idea For Fixing Your Roofing System","https://maxwell74tesha.bloguetechno.com/Idea-For-Fixing-Your-Roofing-System-12325762","https://www.leaffilter.com/blog/home-exteriors/roofing-gutters/roof-leak-repair-tips/",71,37,15,"what is a rolling roof","2018-03-29","2019-04-02"
151,"Estimating Home Repair Prices","https://risager44mathiasen.blogocial.com/Estimating-Home-Repair-Prices-15459291","https://www.leaffilter.com/blog/gutter-cleaning/gutter-cleaning-cost/",71,37,16,"when","2018-06-09","2018-10-20"
152,"-","https://buff.ly/2GF1Ksg","https://www.leaffilter.com/blog/",71,35,"-","-","2023-07-28","2026-07-05"
153,"-","https://lensa.com/regional-field-recruiter-temporary-jobs/roanoke/jd/6d1eb1f7f1683ec77556353d01c2bd09","https://www.leaffilter.com/",71,31,9,"visit website","2021-01-18","2021-05-15"
154,"Leaf Filter, Tampa, FL 33619-9620 | - Yellowbook","https://www.yellowbook.com/profile/leaf-filter_1906286549.html","https://www.leaffilter.com/",70,36,5,"https://www.leaffilter.com","2023-05-10","2023-05-10"
155,"Louisville named among America's top winter wonderlands","https://www.wave3.com/story/33660029/louisville-named-among-americas-top-winter-wonderlands/","https://www.leaffilter.com/blog/top-23-winter-wonderlands/",70,34,3,"click here","2023-03-19","2026-08-09"
156,"Horror Film Muck Will Make St. Patrick's Day Horrifying","https://www.shockya.com/news/2014/12/08/horror-film-muck-will-make-st-patricks-day-horrifying/","https://www.leaffilter.com/promo/get-leaffilter-tv/",70,34,1,"its official site","2025-11-29","2026-06-30"
157,"Leaf Filter Review: Product does not work, gutters become useless","https://www.complaintsboard.com/leaf-filter-product-does-not-work-gutters-become-useless-c1495599","https://www.leaffilter.com/",70,34,4,"leaffilter.com","2025-10-18","2026-08-03"
158,"-","https://horrornews.net/99356/podcast-horror-news-radio-eps-114-insidious-chapter-3-we-are-still-here/","https://www.leaffilter.com/promo/get-leaffilter-tv/",70,34,1,"muck","2023-03-23","2026-06-30"
159,"Retired veteran said Leaf Filter won't return his calls after shoddy job on his gutters","https://www.cleveland19.com/story/38480477/retired-veteran-said-leaf-filter-wont-return-his-calls-after-shoddy-job-on-his-gutters/","https://www.leaffilter.com/promo/summer-savings/?campaignid=719614731&adgroupid=37251294403&network=g&device=c&creative=273308981704&keyword=leaffilter&adposition=1t1&loc_physical_ms=9015305&gclid=EAIaIQobChMIte6MzKbl2wIVxbXACh1Zbgo8EAAYASAAEgLqYPD_BwE",70,34,3,"leaf filter gutter protection","2023-04-14","2026-07-07"
160,"5 Winterizing Hacks to Keep Your Pipes From Bursting in Frigid Temperatures","https://stephenlbmyj.bloggactif.com/10260388/5-winterizing-hacks-to-keep-your-pipes-from-bursting-in-frigid-temperatures","https://www.leaffilter.com/blog/",70,33,14,"schedule and pricing","2023-08-10","2026-07-07"
161,"Page 548 – Kev's Best","https://kevsbest.com/page/548/?orderby=post_date","https://www.leaffilter.com/",70,32,7,"www.leaffilter.com","2024-07-03","2024-07-03"
162,"Long Island Asphalt Shingle Installation: Tips and Tricks for a Durable Roof - A Nation of Moms","https://anationofmoms.com/2024/04/asphalt-shingle-installation.html","https://www.leaffilter.com/locations/charlotte-gutter-guards/",70,30,1,"leaffilter","2024-11-01","2026-07-04"
163,"Solving clogged gutters with Leaf Home | PA live!","https://www.2822news.com/pa-live/sponsored-content/solving-clogged-gutters-with-leaf-home/","https://www.leaffilter.com/",70,22,83,"leaffilter.com/season","2025-10-13","2026-06-13"
164,"-","https://topdomadirectory.com/most-visited-site-51/","https://www.leaffilter.com/",69,45,7,"leaffilter.com","2023-05-19","2026-07-05"
165,"-","https://webjunctiondirectory.com/most-visited-site-51/","https://www.leaffilter.com/",69,45,6,"leaffilter.com","2023-05-18","2026-07-05"
166,"-","https://topmillionwebdirectory.com/most-visited-site-51/","https://www.leaffilter.com/",69,45,6,"leaffilter.com","2023-05-19","2026-07-05"
167,"20 of the Most Popular First Birthday Party Themes | Greetings Island","https://www.greetingsisland.com/blog/20-of-the-most-popular-first-birthday-party-themes/","https://www.leaffilter.com/blog/how-to-repairs/diy-crafts-projects/bring-the-beach-to-your-backyard/",69,41,2,"buy an inflatable one","2022-07-16","2026-07-03"
168,"-","https://www.ripoffreport.com/report/leaf-filter/tyler-texas-installed-gutter-1512400","https://www.leaffilter.com/",69,39,1,"www.leaffilter.com","2021-10-11","2021-10-11"
169,"-","https://websitehubdirectory.com/most-visited-site-51/","https://www.leaffilter.com/",69,37,7,"leaffilter.com","2023-07-07","2026-07-05"
170,"Man accused of firing gun in front of Houston County Sheriff’s Office pleads guilty to federal gun charge ","https://www.kltv.com/2025/09/12/man-accused-firing-gun-front-houston-county-sheriffs-office-pleads-guilty-federal-gun-charge/","https://www.leaffilter.com/demand-gen/taboola-kw-replacement",69,36,3,"-","2025-10-15","2026-07-23"
171,"Study reveals 40% of homes damaged by clogged gutters | KRDO","https://krdo.com/stacker-lifestyle/2025/10/08/study-reveals-40-of-homes-damaged-by-clogged-gutters/","https://www.leaffilter.com/blog/home-exteriors/roofing-gutters/fall-gutter-maintenance/",69,35,1,"-","2026-04-13","2026-08-29"
172,"-","https://webrankdirectory.com/most-visited-site-51/","https://www.leaffilter.com/",69,34,7,"leaffilter.com","2023-06-03","2026-07-05"
173,"5 Winterizing Hacks to Keep Your Pipes From Bursting in Frigid Temperatures","https://cristianerzi196307.blogripley.com/9612140/5-winterizing-hacks-to-keep-your-pipes-from-bursting-in-frigid-temperatures","https://www.leaffilter.com/blog/",69,33,14,"visit site","2023-08-10","2026-07-07"
174,"-","https://bethesdamagazine.com/bethesda-beat/news/bethesda-ranked-no-11-in-us-when-it-comes-to-top-places-to-settle-down/","https://www.leaffilter.com/why-leaffilter/leaffilter-reviews/",69,32,2,"top 20 places in the country","2024-01-29","2026-06-30"
175,"-","https://webhubdirectory.com/most-visited-site-51/","https://www.leaffilter.com/",68,45,7,"leaffilter.com","2023-05-18","2026-07-05"
176,"Read This Before Hiring LeafFilter (Customer Reviews, Cost & Our Take)","https://todayshomeowner.com/gutters/reviews/leaf-filter-reviews/","https://www.leaffilter.com/register",68,44,1,"register your warranty","2025-03-03","2026-06-30"
177,"-","https://blog.rismedia.com/2015/top-5-home-products-to-invest-in-now/","https://www.leaffilter.com/",68,40,1,"leaffilter","2024-01-23","2026-07-03"
178,"Leaf Filter tells us why now is the most important time to clean and protect your gutters","https://katv.com/community/good-morning-arkansas/leaf-filter-tells-us-why-now-is-the-most-important-time-to-clean-and-protect-your-gutters","https://www.leaffilter.com/",68,34,2,"click here","2026-01-04","2026-07-16"
179,"5 Winterizing Hacks to Keep Your Pipes From Bursting in Frigid Temperatures","https://donovanajsb963074.madmouseblog.com/7464403/5-winterizing-hacks-to-keep-your-pipes-from-bursting-in-frigid-temperatures","https://www.leaffilter.com/blog/",68,33,13,"schedule today","2023-08-10","2026-07-07"
180,"Study reveals 40% of homes damaged by clogged gutters - KESQ","https://kesq.com/stacker-lifestyle/2025/10/09/study-reveals-40-of-homes-damaged-by-clogged-gutters/","https://www.leaffilter.com/blog/home-exteriors/roofing-gutters/fall-gutter-maintenance/",68,33,1,"-","2026-02-23","2026-06-04"
181,"LeafFilter — KHTS Radio — Santa Clarita Radio - Santa Clarita News","https://www.hometownstation.com/home-and-garden-vendors/2020-home-and-garden-show/2020-home-and-garden-show-vendors/leaffilter-316703","https://www.leaffilter.com/",68,32,1,"click here","2020-03-13","2026-05-23"
182,"-","https://www.instantcheckmate.com/people/jay-mcclung/","https://www.leaffilter.com/",68,31,2,"http://leaffilter.com","2023-07-10","2026-07-05"
183,"-","https://www.couponupto.com/deals/leaf-filter","https://www.leaffilter.com/",68,29,1,"go to leaf filter","2021-04-10","2026-05-29"
184,"Home Maintenance You're Probably Forgetting About","https://thedesigntourist.com/home-maintenance-youre-probably-forgetting/","https://www.leaffilter.com/locations/chicago-gutter-guards/",68,25,1,"gutter guards","2026-04-14","2026-04-14"
185,"-","https://kdow.biz/lifestyle/does-alcohol-shortenor-lengthenyour-life-longevity-experts-weigh-in?page=4","https://www.leaffilter.com/",68,23,20,"leaffilter","2026-04-03","2026-04-06"
186,"How to Prevent Rainwater from Damaging Your Home’s Exterior - CelebRora","https://celebrora.com/how-to-prevent-rainwater-from-damaging-your-homes-exterior/","https://www.leaffilter.com/locations/north-carolina/greensboro/",68,19,1,"gutter install greensboro","2026-06-19","2026-06-19"
187,"What Does Gutter Installation Cost on Average? | Fixr.com","https://www.fixr.com/costs/install-gutters","https://www.leaffilter.com/why-leaffilter/compare/home-depot/",67,51,16,"gutter guards","2023-10-14","2026-07-12"
188,"-","https://topclassactions.com/lawsuit-settlements/closed-settlements/leaffilter-debris-accumulation-class-action-lawsuit-settlement/","https://www.leaffilter.com/why-leaffilter/leaffilter/",67,43,1,"leaffilter","2025-02-28","2026-03-25"
189,"Senior Expo - WDEF","https://www.wdef.com/senior-expo/","https://www.leaffilter.com/",67,39,1,"leaffilter gutter protection","2026-07-03","2026-07-03"
190,"Study reveals 40% of homes damaged by clogged gutters - KVIA","https://kvia.com/lifestyle/stacker-lifestyle/2025/10/09/study-reveals-40-of-homes-damaged-by-clogged-gutters/","https://www.leaffilter.com/blog/home-exteriors/roofing-gutters/fall-gutter-maintenance/",67,36,1,"-","2026-04-13","2026-04-13"
191,"LeafFilter Gutter Protection · Luma","https://luma.com/user/usr-HZTfLY4OVDtGiZp","https://www.leaffilter.com/locations/oklahoma/oklahoma-city/",67,35,2,"-","2026-07-18","2026-07-18"
192,"How homeowners are solving the biggest holiday decorating headaches - KYMA","https://kyma.com/stacker-money/2025/11/20/how-homeowners-are-solving-the-biggest-holiday-decorating-headaches/","https://www.leaffilter.com/blog/lifestyle/family/hang-christmas-lights/",67,34,1,"-","2025-12-18","2026-08-31"
193,"
		Indie Spotlight - Daily Dead		","https://dailydead.com/indie-spotlight-87/","https://www.leaffilter.com/promo/get-leaffilter-tv/",67,34,1,"www.getthemuckout.com","2023-03-23","2026-07-10"
194,"How homeowners are solving the biggest holiday decorating headaches | News Channel 3-12","https://keyt.com/news/money-and-business/stacker-money/2025/11/20/how-homeowners-are-solving-the-biggest-holiday-decorating-headaches/","https://www.leaffilter.com/blog/lifestyle/family/hang-christmas-lights/",67,33,1,"-","2026-02-05","2026-09-01"
195,"-","https://jobs.news-herald.com/company/leaf-relief-gutter-cleaning-llc-279608","https://www.leaffilter.com/",67,33,1,"https://www.leaffilter.com/?utm_source=41sl&utm_medium=bio&utm_campaign=organic-nd","2022-06-27","2023-12-20"
196,"<![CDATA[ Latest from Real Homes AU in Lighting ]]>","https://www.realhomes.com/au/feeds/tag/lighting","https://www.leaffilter.com/",67,33,1,"leaffilter","2025-02-23","2026-06-28"
197,"Topeka prepares for 8th annual EasterFest","https://www.wibw.com/2023/03/24/topeka-prepares-8th-annual-easterfest/","https://www.leaffilter.com/",67,33,2,"leaf filter","2023-03-31","2026-07-24"
198,"5 Winterizing Hacks to Keep Your Pipes From Bursting in Frigid Temperatures","https://tysonscjr529631.bloggazzo.com/8695484/5-winterizing-hacks-to-keep-your-pipes-from-bursting-in-frigid-temperatures","https://www.leaffilter.com/blog/",67,33,12,"request an estimate","2023-08-10","2026-07-07"
199,"3 Small Employers That Win Big With Recruiting","https://www.recruiter.com/recruiting/3-small-employers-that-win-big-with-recruiting/","https://www.leaffilter.com/",67,32,10,"leaffilter","2024-01-23","2026-07-03"
200,"5 Winterizing Hacks to Keep Your Pipes From Bursting in Frigid Temperatures","https://judahqdoz864197.techionblog.com/7467100/5-winterizing-hacks-to-keep-your-pipes-from-bursting-in-frigid-temperatures","https://www.leaffilter.com/blog/",67,32,17,"visit site","2023-08-10","2026-07-07"
201,"5 Winterizing Hacks to Keep Your Pipes From Bursting in Frigid Temperatures","https://icyplumbingproblems21975.snack-blog.com/7582943/5-winterizing-hacks-to-keep-your-pipes-from-bursting-in-frigid-temperatures","https://www.leaffilter.com/blog/",67,32,13,"browse website","2023-08-10","2026-07-07"
202,"-","https://www.datalounge.com/thread/29235746-men-you-re-ashamed-to-find-fuckable","https://www.leaffilter.com/wp-content/uploads/sites/2/2019/10/1200x1200-racing-matt-8-car.jpg",67,31,10,"offsite link","2023-06-17","2025-09-22"
203,"Essential Roof Repair And Maintenance Tips For Longevity And Durability – MK Library","https://www.mklibrary.com/essential-roof-repair-and-maintenance-tips-for-longevity-and-durability/","https://www.leaffilter.com/locations/denver-gutter-guards/",67,27,1,"gutter guards","2024-11-01","2026-06-30"
204,"-","https://am870theanswer.com/lifestyle/how-this-gen-z-cookie-entrepreneur-took-her-part-time-business-full-time?page=4","https://www.leaffilter.com/",67,25,25,"leaffilter","2026-04-03","2026-04-03"
205,"-","https://extramile.thehartford.com/home/gutter-guards/","https://www.leaffilter.com/blog/gutter-cleaning/clogged-gutters-damage-seasonal-maintenance-guide/",66,37,1,"winter","2026-03-16","2026-03-19"
206,"Family & Kids Expo - WWAYTV3","https://www.wwaytv3.com/familyexpo/","https://www.leaffilter.com/locations/north-carolina/wilmington/",66,35,1,"467548005 10160597752506367 3502346575352446074 n","2026-03-31","2026-08-30"
207,"-","https://webworthdirectory.com/most-visited-site-51/","https://www.leaffilter.com/",66,35,7,"leaffilter.com","2023-05-31","2026-07-05"
208,"Choosing Gutter Guards - Fine Homebuilding","https://www.finehomebuilding.com/forum/choosing-gutter-guards","https://www.leaffilter.com/",66,34,1,"http://www.leaffilter.com","2019-12-24","2026-01-24"
209,"5 Winterizing Hacks to Keep Your Pipes From Bursting in Frigid Temperatures","https://judahcoxg185296.tokka-blog.com/7515847/5-winterizing-hacks-to-keep-your-pipes-from-bursting-in-frigid-temperatures","https://www.leaffilter.com/blog/",66,33,13,"book your appointment","2023-08-10","2026-07-07"
210,"-","https://thehollywoodnews.com/2013/10/23/gruesome-intense-trailer-horror-movie-muck/","https://www.leaffilter.com/promo/get-leaffilter-tv/",66,32,1,"www.getthemuckout.com","2025-02-21","2026-07-02"
211,"-","https://pinboard.in/t:tile","https://www.leaffilter.com/blog/",66,32,6,"do’s and don’ts of grouting tile leaffilter","2025-09-24","2026-07-02"
212,"-","https://features.wtva.com/business-detail/leaf-filter-gutters","https://www.leaffilter.com/",66,31,3,"-","2026-04-07","2026-04-07"
213,"-","https://www.knows.nl/url/leaffilter.com","https://www.leaffilter.com/",66,26,8,"leaffilter.com","2017-08-02","2026-07-05"
214,"CNN Cues Up Clyburn to Complain About Trump Not Conceding","https://mrcvideo.org/videos/cnn-cues-clyburn-complain-about-trump-not-conceding","https://www.leaffilter.com/contact/",66,16,6,"leaf filter","2026-04-07","2026-07-17"
215,"Ready to upgrade your home and lifestyle? Visit the 2026 Senior Fair May 20 | WBIW","https://www.wbiw.com/2026/05/12/ready-to-upgrade-your-home-and-lifestyle-visit-the-2026-senior-fair-may-20/","https://www.leaffilter.com/",65,34,2,"leaf filter gutter protection","2026-05-15","2026-08-16"
216,"Leaf Filter Gutter Protection - Observer-Reporter","https://local.observer-reporter.com/hudson-oh/leaf-filter-gutter-protection-844-440-9814","https://www.leaffilter.com/",65,33,2,"http://www.leaffilter.com/","2021-07-28","2026-07-05"
217,"-","https://isthmus.com/archive/isthmus-green-day/exhibitors-at-isthmus-green-day-2014/","https://www.leaffilter.com/",65,32,1,"leaffilter gutter protection","2017-08-23","2024-04-16"
218,"-","https://jobs.newsadvance.com/company/leaf-relief-gutter-cleaning-llc-279608","https://www.leaffilter.com/",65,32,1,"https://www.leaffilter.com/?utm_source=41sl&utm_medium=bio&utm_campaign=organic-nd","2022-06-26","2024-04-17"
219,"-","https://onlinecoursesschools.com/military-skill-bridge-programs","https://www.leaffilter.com/blog/dod-skillbridge/",65,27,4,"leaffilter.com","2022-04-23","2022-04-26"
220,"-","https://www.tpsearchtool.com/images/why-gutter-repair-is-so-important-for-the-health-of-your","https://www.leaffilter.com/wp-content/uploads/2018/05/848x365-gutter-cutaway.jpg",65,24,2,"why are gutters so important leaffilter gutter protection","2024-11-12","2024-11-12"
221,"-","https://am1070theanswer.com/lifestyle/best-cities-for-naked-gardening?page=5","https://www.leaffilter.com/",65,23,32,"leaffilter","2026-04-20","2026-04-20"
222,"Outdoor Lighting Mistakes That Can Affect Home Security and Safety - Centomags.com","https://centomags.com/outdoor-lighting-mistakes-that-can-affect-home-security-and-safety/","https://www.leaffilter.com/locations/oregon/eugene/",65,18,7,"gutter install eugene","2026-08-22","2026-08-22"
223,"-","https://pace11pace.jiliblog.com/19277616/estimating-home-repair-prices","https://www.leaffilter.com/blog/gutter-cleaning/gutter-cleaning-cost/",64,36,14,"when","2019-04-27","2019-04-27"
224,"-","https://www.comparably.com/fr-FR/companies/leaffilter-north-inc","https://www.leaffilter.com/",64,35,"-","www.leaffilter.com","2022-01-13","2022-07-26"
225,"-","https://www.couponannie.com/stores/leaf-filter","https://www.leaffilter.com/",64,34,2,"https://www.leaffilter.com","2021-10-05","2024-04-30"
226,"Leaf Filter Affiliate Program","https://commerce.sovrn.com/merchants/52261/leaf-filter-affiliate-program","https://www.leaffilter.com/",64,32,"-","leaffilter.com","2024-10-27","2026-08-05"
227,"MUCK Scares Off Heavyweight Competition – Horror Society","https://www.horrorsociety.com/2015/01/30/muck-scares-off-heavyweight-competition/","https://www.leaffilter.com/promo/get-leaffilter-tv/",64,30,1,"https://www.getthemuckout.com/","2023-03-23","2026-08-19"
228,"Winter Maintenance: Saving Cash On Your Garden And Home Repairs - Growing Magazine","https://www.growingmagazine.com/winter-maintenance-saving-cash-on-your-garden-and-home-repairs/","https://www.leaffilter.com/blog/",64,28,2,"gutters fill with leaves","2023-08-01","2026-07-05"
229,"-","https://www.atimeoutformommy.com/how-to-start-designing-your-dream-garden/","https://www.leaffilter.com/locations/charlotte-gutter-guards/",64,27,2,"gutter guards","2025-02-10","2026-03-28"
230,"FIRE SAFETY: North Myrtle Beach offers 7 tips for your home MyrtleBeachSC News","https://myrtlebeachsc.com/north-myrtle-beach-fire-safety/","https://www.leaffilter.com/locations/dallas-gutter-guards/",64,27,1,"leaffilter","2025-01-19","2026-06-28"
231,"🏆🏆Boost your Google rankings with Premium PBN & Link Building🏆🏆","https://cvillico.com/all/1265/15.html","https://www.leaffilter.com/",64,22,7,"high quality dofollow backlinks da 50 pa 40 premium pbn network service gutterguardsbuyersguide.com rank first page google fast seo link building buy backlinks online cheap","2026-08-17","2026-08-17"
232,"-","https://theanswerhawaii.com/lifestyle/the-top-burger-restaurant-chains-in-america?page=5","https://www.leaffilter.com/",64,21,15,"leaffilter","2026-04-17","2026-04-17"
233,"-","https://recruiting.ultipro.com/LEA1005LEAF/JobBoard/2425683f-4101-4d05-b5fc-cf33eb859508/?q=&o=postedDateDesc&w=&wc=&we=&wpst=","https://www.leaffilter.com/company/careers/",63,41,18,"leaffilter","2019-10-04","2026-07-07"
234,"Ag Mech Show - WIU","https://www.wiu.edu/cbt/agriculture/agmechshow.php","https://www.leaffilter.com/",63,39,1,"leaf filter gutter protection 2","2024-03-16","2026-08-11"
235,"LeafFilter | Media Research Center","https://mrc.org/conservatives-fight-back/advertiser/leaffilter","https://www.leaffilter.com/",63,35,7," https://www.leaffilter.com/","2023-07-30","2026-07-27"
236,"Official Sponsors - Balloon Fiesta Supporting Partners","https://www.balloonfiesta.com/sponsors/official-sponsors/","https://www.leaffilter.com/",63,34,1,"leaffilter","2025-07-25","2026-06-30"
237,"-","https://stacker.com/stories/lifestyle/study-reveals-40-homes-damaged-clogged-gutters","https://www.leaffilter.com/blog/home-exteriors/roofing-gutters/fall-gutter-maintenance/",63,34,4,"-","2025-11-18","2026-07-26"
238,"Study reveals 40% of homes damaged by clogged gutters - ABC17NEWS","https://abc17news.com/stacker-lifestyle/2025/10/09/study-reveals-40-of-homes-damaged-by-clogged-gutters/","https://www.leaffilter.com/blog/home-exteriors/roofing-gutters/fall-gutter-maintenance/",63,34,1,"-","2026-03-14","2026-03-14"
239,"Sponsors 2017 | Atlanta Art Festivals | April 13 - 15, 2018 | Atlanta Dogwood Festival","https://dogwood.worldsecuresystems.com/sponsors-2017","https://www.leaffilter.com/",63,33,56,"leaf filter","2017-02-16","2018-01-11"
240,"Study reveals 40% of homes damaged by clogged gutters - LocalNews8.com - KIFI","https://localnews8.com/stacker-lifestyle/2025/10/08/study-reveals-40-of-homes-damaged-by-clogged-gutters/","https://www.leaffilter.com/blog/home-exteriors/roofing-gutters/fall-gutter-maintenance/",63,32,1,"-","2025-12-11","2025-12-11"
241,"Earth and Arbor Day Festival Cupertino CA","https://www.cupertino.gov/Parks-Recreation/Events/Earth-and-Arbor-Day-Festival","https://www.leaffilter.com/discover/sa-www/google-brand-location-control/?map_phone=true&campaignid=16903058139&adgroupid=159219925091&network=g&device=c&creative=765731878227&keyword=leaffilter&adposition=&loc_physical_ms=9032145&gclsrc=/aw.ds&gad_source=1&gad_campaignid=16903058139&gbraid=0AAAAADv_w6E1SYRYB91O0M7LZN5Jrpoz9&gclid=Cj0KCQjwve7NBhC-ARIsALZy9HVrkIso4cRgRVYtjtJHhHeIBn7RXu8E",63,28,"-","leaffilter_rgb.jpg","2026-03-23","2026-06-24"
242,"How to Improve Your Home’s Curb Appeal Instantly","https://mavanimes.co/how-to-improve-your-homes-curb-appeal-instantly/","https://www.leaffilter.com/locations/idaho/boise/",63,25,7,"gutter install boise","2026-07-25","2026-07-25"
243,"-","https://am920theanswer.com/lifestyle/extreme-weather-events-put-older-adults-at-risk-heres-how-they-can-prepare?page=4","https://www.leaffilter.com/",63,23,25,"leaffilter","2026-04-03","2026-04-03"
244,"-","https://am590theanswer.com/lifestyle/learners-permit-and-insurance-what-parents-of-new-drivers-need-to-know?page=4","https://www.leaffilter.com/",63,22,25,"leaffilter","2026-02-06","2026-02-06"
245,"-","https://860amtheanswer.com/lifestyle/will-grocery-inflation-cool-in-2024-here039s-what-forecasts-say?page=4","https://www.leaffilter.com/",63,21,25,"leaffilter","2026-04-15","2026-04-15"
246,"-","https://theanswerseattle.com/lifestyle/dog-diets-what-to-know-about-4-fads-and-trends-in-dog-nutrition?page=5","https://www.leaffilter.com/",63,20,10,"leaffilter","2026-04-18","2026-04-18"
247,"Professional Gutter Installation: Why It Matters for Every Home - SportWanes","https://sportwanes.com/professional-gutter-installation-why-it-matters-for-every-home/","https://www.leaffilter.com/locations/california/sacramento/",63,19,10,"gutter install sacramento","2026-06-04","2026-06-04"
248,"Best Spots to Save With Military Discounts 2024","https://www.offers.com/blog/post/military-discounts-guide/","https://www.leaffilter.com/purchase/pricing/discounts",62,51,4,"active and retired","2021-10-02","2026-07-06"
249,"InterNACHI members can offer their clients a discount form Leaf Filter. - Special Deals for InterNACHI Inspectors - InterNACHI®️ Forum","https://forum.nachi.org/t/internachi-members-can-offer-their-clients-a-discount-form-leaf-filter/113118","https://www.leaffilter.com/discover/?lf_dc=315-offer&legacy_redirect",62,35,1,"leaffilter","2019-11-23","2025-10-08"
250,"How Much Do Gutters Cost in Texas? Complete 2025 Pricing Guide","https://alexmorganhome.livepositively.com/education-and-learning/how-much-do-gutters-cost-in-texas-complete-2025-pricing-guide","https://www.leaffilter.com/blog/home-exteriors/roofing-gutters/much-new-gutters-cost/",62,34,2,"leaffilter how much does gutter installation cost","2026-08-27","2026-08-30"
251,"-","https://secure.qgiv.com/event/pawsinthepark/page/vendors/","https://www.leaffilter.com/",62,34,3,"leaffilter gutter protection","2023-08-08","2026-06-30"
252,"Trade Show Exhibitors: 80th Annual TLA Convention & Trade Show ","https://harlowagency.swoogo.com/80th/tradeshowexhibitors","https://www.leaffilter.com/",62,33,1,"leaffilter gutter protection","2024-11-22","2026-07-03"
253,"-","https://topbilliondirectory.com/website-new-list345-2/","https://www.leaffilter.com/",62,32,6,"leaffilter","2023-02-17","2026-07-05"
254,"-","https://jobs.morningjournal.com/company/leaf-relief-gutter-cleaning-llc-279608","https://www.leaffilter.com/",62,32,1,"https://www.leaffilter.com/?utm_source=41sl&utm_medium=bio&utm_campaign=organic-nd","2022-06-26","2023-11-29"
255,"-","https://texags.com/forums/61/topics/3012791","https://www.leaffilter.com/",62,31,1,"https://www.leaffilter.com?","2019-06-09","2026-06-21"
256,"-","https://www.videodetective.com/movie/muck-5618","https://www.leaffilter.com/promo/get-leaffilter-tv/",62,31,1,"website","2023-03-23","2026-06-30"
257,"AT&T, Amazon Web Services experiencing outages | KTVE - myarklamiss.com","https://www.myarklamiss.com/news/att-amazon-web-services-experiencing-outages/","https://www.leaffilter.com/discover/sa-www/taboola-prospecting-dynamic-kw-control/",62,31,1,"-","2026-07-15","2026-07-15"
258,"Protect Your Home from Water Damage with Leaf Home and Erie Home","https://podimo.com/dk/shows/holmes-on-homes-podcast/episode/f6684831-46e6-55ec-8ae2-f53676e8b501","https://www.leaffilter.com/mike-holmes-approved-product/",62,31,1,"https://www.leaffilter.com/mike-holmes-approved-product/","2026-08-20","2026-08-20"
259,"Domains on ip 104.21.20.229","https://domains.tntcode.com/ip/104.21.20.229","https://www.leaffilter.com/promo/get-leaffilter-tv/",62,30,15,"-","2024-11-30","2026-07-08"
260,"The Ben Shapiro Show - Podcast Episode","https://www.globalplayer.com/podcasts/episodes/7DrnX3r/","https://www.leaffilter.com/discover/radio-1/?if_dc=save-15",62,29,6,"https://www.leaffilter.com/shapiro","2025-02-16","2026-07-05"
261,"-","https://jobs.carrollcountytimes.com/company/leaf-relief-gutter-cleaning-llc-279608","https://www.leaffilter.com/",62,29,3,"https://www.leaffilter.com/?utm_source=41sl&utm_medium=bio&utm_campaign=organic-nd","2022-06-29","2024-06-10"
262,"The Ultimate Post-Move Checklist That Will Save Your Sanity - Razorback Moving","https://razorbackmoving.com/the-ultimate-post-move-checklist-that-will-save-your-sanity/","https://www.leaffilter.com/",62,27,31,"leaf filter","2026-06-11","2026-07-03"
263,"Makeover Your Home Exterior with 3 Easy Jobs | DIY Home Garden","https://diyhomegarden.blog/makeover-your-home-exterior-easy-jobs/","https://www.leaffilter.com/blog/home-exteriors/roofing-gutters/what-exactly-causes-clogged-gutters/",62,24,2,"gutter causing blockages","2020-04-02","2026-06-26"
264,"Gutter Cleaning vs Gutter Replacement: Which Do You Need?","https://achisoch.com/gutter-cleaning-vs-replacement-which-do-you-need.html","https://www.leaffilter.com/locations/pennsylvania/philadelphia",62,24,7,"gutter install in folcroft","2026-07-17","2026-07-17"
265,"🏆🏆Boost your Google rankings with Premium PBN & Link Building🏆🏆","https://www.cmocheatsheets.com/all/1265/15.html","https://www.leaffilter.com/",62,23,6,"high quality dofollow backlinks da 50 pa 40 premium pbn network service gutterguardsbuyersguide.com rank first page google fast seo link building buy backlinks online cheap","2026-08-14","2026-08-14"
266,"-","https://whkradio.com/lifestyle/going-back-to-school-isnrsquot-just-stressful-for-kids-parents-feel-it-too?page=4","https://www.leaffilter.com/",62,23,13,"leaffilter","2026-04-08","2026-04-08"
267,"-","https://990theanswer.com/lifestyle/americans-are-more-connected-than-everheres-how-much-time-people-spend-on-their?page=4","https://www.leaffilter.com/",62,21,28,"leaffilter","2026-02-07","2026-02-10"
268,"Happy Birthday Wishes Marathi | Happy Birthday In Marathi | Page 8","https://happybdaywish.com/page/8/?orderby=rating","https://www.leaffilter.com/locations/georgia/savannah/",62,21,7,"gutter install savannah","2026-07-19","2026-07-19"
269,"Curb Appeal: The First Impression That Defines a Home - Starbucks Calorie Calculator","https://starbuckscaloriecalc.com/home-decor/curb-appeal-the-first-impression-that-defines-a-home","https://www.leaffilter.com/locations/texas/beaumont/",62,20,5,"gutter install beaumont","2026-08-21","2026-08-23"
270,"How to Avoid Problems with New Gutter Installation - Responses Hub","https://responseshub.com/how-to-avoid-problems-with-new-gutter-installation/","https://www.leaffilter.com/locations/north-carolina/raleigh/",62,19,22,"gutter install raleigh","2026-07-22","2026-07-22"
271,"🏆🏆Boost your Google rankings with Premium PBN & Link Building🏆🏆","https://www.skystarnews.com/all/510/9.html","https://www.leaffilter.com/",62,18,18,"high quality dofollow backlinks da 50 pa 40 premium pbn network service stopguttercleaning.com rank first page google fast seo link building buy backlinks online cheap","2026-07-28","2026-08-03"
272,"WGEM Home & Living Show","https://www.wgem.com/page/wgem-home-living-show/","https://www.leaffilter.com/",61,37,5,"leaffilter gutter protection","2025-03-19","2026-07-04"
273,"
	Kids & Family Expo - Village of Pleasant Prairie Rec Plex
","https://vopprecplex.hosted.civiclive.com/events/kids_family_expo","https://www.leaffilter.com/discover/sa-www/discover-sa-gutter-guard-owner/?campaignid=16968562744&adgroupid=137422558044&network=g&device=c&creative=733628118215&keyword=eavestrough%20guard&adposition=&loc_physical_ms=9018805&gad_source=1&gclid=CjwKCAiA5pq-BhBuEiwAvkzVZTUHEmOJTBtosqTIXm5GX3q5Bl5JEFJ8wqnQBt8bRD0iQOofePFl5RoCxAsQAvD_BwE&gclsrc=aw.ds",61,33,2,"leaf filter gutter protection","2026-07-07","2026-07-07"
274,"-","https://fleshbot.com/19928/muck-is-covered-with-filthy-scares-and-spotless-nudity/","https://www.leaffilter.com/promo/get-leaffilter-tv/",61,31,19,"muck","2025-12-22","2026-06-30"
275,"-","https://jobs.wandtv.com/company/leaf-relief-gutter-cleaning-llc-279608","https://www.leaffilter.com/",61,31,2,"https://www.leaffilter.com/?utm_source=41sl&utm_medium=bio&utm_campaign=organic-nd","2022-06-30","2024-04-18"
276,"-","https://www.stardem.com/chesapeake_home_expo/attendee/exhibitors/","https://www.leaffilter.com/",61,30,1,"https://www.leaffilter.com/","2026-05-28","2026-05-28"
277,"10 Most Common Home Maintenance Costs in the US — Trending Us","https://www.trendingus.com/most-common-home-maintenance-costs-in-the-us/","https://www.leaffilter.com/blog/gutter-cleaning/gutter-cleaning-cost/",61,29,1,"how much gutter cleaning costs","2024-03-03","2026-03-24"
278,"-","https://jobs.vagazette.com/company/leaf-relief-gutter-cleaning-llc-279608","https://www.leaffilter.com/",61,28,3,"https://www.leaffilter.com/?utm_source=41sl&utm_medium=bio&utm_campaign=organic-nd","2022-06-27","2024-05-18"
279,"How To Stop Leaves Causing Havoc Around Your Home - Glory of the Snow","https://www.gloryofthesnow.com/how-to-stop-leaves-causing-havoc-around-your-home/","https://www.leaffilter.com/locations/",61,26,1,"professional gutter guard solutions near you","2025-04-25","2026-07-02"
280,"Why Downspout Placement Matters for Home Drainage - grammrary.com","https://grammrary.com/why-downspout-placement-matters-for-home-drainage/","https://www.leaffilter.com/locations/pennsylvania/scranton/",61,25,4,"gutter install hanover","2026-06-17","2026-06-17"
281,"The Hidden Dangers Of Clogged Gutters: Beyond Water Damage","https://inspiredhomes.uk.com/hidden-dangers-of-clogged-gutters/","https://www.leaffilter.com/blog/home-exteriors/roofing-gutters/how-to-install-gutter-guards/",61,23,2,"like adding gutter guards","2024-01-13","2026-07-03"
282,"-","https://galaxyconcerns.com/best-gutter-guards-of-2023/","https://www.leaffilter.com/purchase/warranty/",61,22,12,"lifetime warranty","2023-09-11","2024-04-03"
283,"🏆🏆Boost your Google rankings with Premium PBN & Link Building🏆🏆","https://mymarketpost.com/all/1118/9.html","https://www.leaffilter.com/promo/get-leaffilter-tv/",61,21,7,"high quality dofollow backlinks da 50 pa 40 premium pbn network service freegutterinspect.com rank first page google fast seo link building buy backlinks online cheap","2026-08-16","2026-08-16"
284,"Basement Flooding Prevention: A Complete Guide To Keeping Your Home Safe And Dry","https://fantasynamezone.com/basement-flooding-prevention-a-complete-guide-to-keeping-your-home-safe-and-dry/","https://www.leaffilter.com/locations/idaho/boise/",61,19,3,"gutter install boise","2026-06-03","2026-06-03"
285,"How to Prevent Water Damage Around Doors and Entryways - Measureguage","https://measuregauge.com/how-to-prevent-water-damage-around-doors-and-entryways/","https://www.leaffilter.com/locations/kentucky/louisville/",61,19,17,"gutter install louisville","2026-06-13","2026-06-13"
286,"Why Your Gutters Overflow Even After Cleaning -","https://mymagazinehub.com/why-your-gutters-overflow-even-after-cleaning/","https://www.leaffilter.com/locations/new-jersey/north-jersey/",61,18,4,"gutter install mountainside","2026-06-09","2026-06-12"
287,"Seamless Gutters vs Sectional Gutters: Which Makes More Sense for Your Home?","https://symbolefy.com/seamless-gutters-vs-sectional-gutters-which-makes-more-sense-for-your-home/","https://www.leaffilter.com/locations/new-york/albany/",61,18,23,"gutter install in albany","2026-07-04","2026-07-04"
288,"Outdoor Upgrades That Add Value and Appeal to Your Home - Flirtistic.com","https://flirtistic.com/outdoor-upgrades-that-add-value-and-appeal-to-your-home/","https://www.leaffilter.com/locations/texas/corpus-christi/",61,17,15,"gutter install corpus christi","2026-07-30","2026-08-02"
289,"Home Improvement Building | Minnesota State Fair","https://www.mnstatefair.org/location/home-improvement-building/","https://www.leaffilter.com/",60,42,3,"leaf filter home page","2018-07-18","2026-07-02"
290,"Iowa State Fair | Become a State Fair Sponsor","https://www.iowastatefair.org/sponsors/","https://www.leaffilter.com/",60,42,1,"leaffilter","2025-09-24","2026-07-05"
291,"-","https://www.tigerdroppings.com/rant/home-and-garden/leaf-filter-system-is-it-worth-it/105024824/","https://www.leaffilter.com/",60,38,4,"link","2022-11-02","2022-11-02"
292,"Hour Detroit's GrillFest 2026","https://events.humanitix.com/hour-detroit-s-grillfest-2026","https://www.leaffilter.com/",60,35,1,"leaffilter gutter protection","2026-07-29","2026-08-01"
293,"Home Improvement Today? | Page 1225 | Tacoma World","https://www.tacomaworld.com/threads/home-improvement-today.12120/page-1225","https://www.leaffilter.com/",60,33,2,"https://www.leaffilter.com/","2024-10-31","2025-11-24"
294,"-","https://www.jekyllisland.com/signatureevents/sponsors-2019/","https://www.leaffilter.com/",60,30,1,"-","2020-01-02","2021-01-12"
295,"-","https://bigtopcoupons.com/coupon-code/leaf+filter+military+discount","https://www.leaffilter.com/purchase/pricing/discounts/",60,28,4,"https://www.leaffilter.com/purchase/pricing/discounts/","2023-06-01","2023-06-01"
296,"Why Downspouts Should Not Drain Near the Foundation - Fun For All Quotes","https://funforallquotes.com/why-downspouts-should-not-drain-near-the-foundation/","https://www.leaffilter.com/locations/maryland/hagerstown/",60,26,5,"gutter install hagerstown","2026-06-16","2026-06-16"
297,"Can Missing Drip Edge Cause Gutter and Roof Leaks?","https://aavotx.com/can-missing-drip-edge-cause-gutter-and-roof-leaks/","https://www.leaffilter.com/locations/minnesota/st-cloud/",60,26,6,"gutter install sauk rapids","2026-06-20","2026-06-20"
298,"-","https://conventions.leapevent.tech/exhibitors/salt_lake_womens_show_spring_2018","https://www.leaffilter.com/",60,25,1,"view website","2024-03-22","2026-03-22"
299,"Basement Waterproofing: What You Can DIY and When to Call a Professional - AcrylicPedia","https://acrylicpedia.com/basement-waterproofing-what-you-can-diy-and-when-to-call-a-professional/","https://www.leaffilter.com/locations/virginia/roanoke/",60,23,1,"gutter install roanoke","2026-08-07","2026-08-07"
300,"Lifestyle - Page 8 | AM 1440 KYCR - Minneapolis, MN","https://twincitiesbusinessradio.com/lifestyle/study-reveals-40-of-homes-damaged-by-clogged-gutters?page=8","https://www.leaffilter.com/blog/home-exteriors/roofing-gutters/fall-gutter-maintenance/",60,23,13,"-","2026-03-02","2026-06-12"
301,"-","https://theanswersarasota.com/lifestyle/guns-are-the-leading-cause-of-childhood-death-in-the-us-here-are-6-tips-to-safel?page=5","https://www.leaffilter.com/",60,22,9,"leaffilter","2026-04-16","2026-04-16"
302,"How Much Does Gutter Installation or Replacement Cost  – Page 3 – Y2Mate","https://y2mate.art/how-much-does-gutter-installation-or-replacement-cost/3/","https://www.leaffilter.com/blog/home-exteriors/roofing-gutters/seamless-rain-gutters-worth/",60,21,15,"seamless gutters","2024-11-12","2026-08-07"
303,"-","https://am1460theanswer.com/lifestyle/a-new-parentrsquos-guide-to-keeping-baby-cool-in-summer?page=2","https://www.leaffilter.com/",60,21,32,"leaffilter","2026-03-15","2026-03-15"
304,"Roof Installation: How to Choose Materials, Timing, and the Right Contractor - Halal icons","https://halalicons.com/roof-installation-how-to-choose-materials-timing-and-the-right-contractor/","https://www.leaffilter.com/locations/california/san-jose/",60,20,7,"gutter install san jose","2026-08-15","2026-08-18"
305,"🏆🏆Boost your Google rankings with Premium PBN & Link Building🏆🏆","https://www.plumeriamarketing.com/all/146/2.html","https://www.leaffilter.com/",60,20,41,"high quality dofollow backlinks da 50 pa 40 premium pbn network service gutterprotectionperfection.com rank first page google fast seo link building buy backlinks online cheap","2026-06-28","2026-07-05"
306,"How to Prepare Your Home for a Professional Appraisal - Captioza","https://captioza.com/how-to-prepare-your-home-for-a-professional-appraisal/","https://www.leaffilter.com/locations/tennessee/chattanooga/",60,19,12,"gutter install chattanooga","2026-08-10","2026-08-10"
307,"Spring Home Maintenance: A Complete Guide to Refresh and Protect Your Home - celebrityhints.com","https://celebrityhints.com/spring-home-maintenance-a-complete-guide-to-refresh-and-protect-your-home/","https://www.leaffilter.com/locations/tennessee/chattanooga/",60,19,15,"gutter install chattanooga","2026-06-02","2026-06-02"
308,"Smart Maintenance Tasks to Do Before Listing a Home for Sale - puncrush.com","https://puncrush.com/smart-maintenance-tasks-to-do-before-listing-a-home-for-sale/","https://www.leaffilter.com/locations/new-york/newburgh/",60,18,"-","gutter install in valley cottage","2026-07-04","2026-07-04"
309,"Why Drainage Planning Matters During Home Renovations","https://wordsjaurney.com/why-drainage-planning-matters-during-home-renovations/","https://www.leaffilter.com/locations/michigan/ann-arbor/",60,17,14,"gutter install in ann arbor","2026-08-16","2026-08-16"
310,"-","https://sim-cms.net/lifestyle/best-pizza-places-in-25-major-cities?page=4","https://www.leaffilter.com/",60,13,12,"leaffilter","2026-02-07","2026-02-10"
311,"Leaf Filter Promo Codes - 50% Off Coupon Code 2026","https://www.dontpayfull.com/at/leaffilter.com","https://www.leaffilter.com/",59,44,1,"leaffilter.com","2025-12-25","2026-06-28"
312,"-","https://forums.pelicanparts.com/7954110-post13.html","https://www.leaffilter.com/info/",59,35,"-","leaffilter","2020-05-30","2021-04-05"
313,"-","https://www.phishtank.com/phish_detail.php?phish_id=5772764","https://www.leaffilter.com/promo/get-leaffilter/",59,33,21,"visit the site","2018-09-06","2019-12-09"
314,"-","https://www.thehulltruth.com/4844463-post8.html","https://www.leaffilter.com/learn-more/?mkwid=sdeIBDJNJ&crid=13226005815&mp_kw=gutter%20leaf%20guard%20reviews&mp_mt=b&gclid=CP76kfTZ5LECFQ-c7Qod8iIA8Q",59,33,1,"http://www.leaffilter.com/info?mkwid...fq-c7qod8iia8q","2024-12-07","2026-06-09"
315,"
      Do You Need to Invest in a New Roof Before Winter Arrives Again?
      
      | Miller's Home Improvement's Site
    ","https://millershomemi.postach.io/post/do-you-need-to-invest-in-a-new-roof-before-winter-arrives-again","https://www.leaffilter.com/blog/home-exteriors/roofing-gutters/signs-need-new-roof-winter/",59,33,2,"the leaflet","2022-08-03","2026-08-13"
316,"Customized Lifestyle – Get the Muck Out - CustomizedGirl Blog","https://www.customizedgirl.com/blog/customized-lifestyle-get-the-muck-out/","https://www.leaffilter.com/promo/get-leaffilter-tv/",59,33,1,"500brycedraper","2023-03-27","2026-07-05"
317,"-","https://jobs.starherald.com/company/leaf-relief-gutter-cleaning-llc-279608","https://www.leaffilter.com/",59,31,1,"https://www.leaffilter.com/?utm_source=41sl&utm_medium=bio&utm_campaign=organic-nd","2022-06-26","2024-04-15"
318,"Rain gutter — Grokipedia","https://grokipedia.com/page/Rain_gutter","https://www.leaffilter.com/blog/home-exteriors/roofing-gutters/gutter-diagram/",59,31,7,"gutter diagram infographic leaffilter gutter protection","2026-01-27","2026-08-22"
319,"-","https://websitedetection.com/web-site-list-6816","https://www.leaffilter.com/why-leaffilter/leaffilter-reviews/",59,24,12,"leaffilterreviews.com","2024-02-10","2026-07-07"
320,"-","https://theanswertampa.com/lifestyle/ai-seeps-into-products-and-their-marketing-is-it-harming-consumer-trust?page=3","https://www.leaffilter.com/",59,23,10,"leaffilter","2026-04-01","2026-04-01"
321,"How to Reduce Moisture Problems Around Your Home - dreammeaniing.com","https://dreammeaniing.com/how-to-reduce-moisture-problems-around-your-home/","https://www.leaffilter.com/locations/wisconsin/madison/",59,23,2,"gutter install middleton","2026-06-21","2026-06-24"
322,"What Causes Rust or Corrosion on Gutters? - Moneyatch","https://moneyatch.com/what-causes-rust-or-corrosion-on-gutters/","https://www.leaffilter.com/locations/ohio/cincinnati/",59,21,1,"gutter install in fairfield","2026-06-29","2026-06-29"
323,"-","https://insideheadline.com/best-gutter-guards-of-2023/","https://www.leaffilter.com/purchase/warranty/",59,21,58,"lifetime warranty","2023-09-13","2023-12-14"
324,"🏆🏆Boost your Google rankings with Premium PBN & Link Building🏆🏆","https://mylisthero.com/all/1265/16.html","https://www.leaffilter.com/",59,20,7,"high quality dofollow backlinks da 50 pa 40 premium pbn network service gutterprotectionperfection.com rank first page google fast seo link building buy backlinks online cheap","2026-08-26","2026-08-29"
325,"Home Upgrades: Transforming Your Living Space for Comfort, Value, and Style - PRO Profile DP","https://proprofiledp.com/home-upgrades-transforming-your-living-space-for-comfort-value-and-style/","https://www.leaffilter.com/locations/new-jersey/north-jersey/",59,20,9,"gutter install mountainside","2026-06-04","2026-06-06"
326,"What Homeowners Overlook Before Hiring Roof Replacement Services - Famesmagazine","https://famesmagazine.com/what-homeowners-overlook-before-hiring-roof-replacement-services/","https://www.leaffilter.com/locations/georgia/peachtree-city/",59,19,3,"gutter install peachtree city","2026-08-19","2026-08-19"
327,"5 Ways to Protect Your Property Investment from Costly Damage - Names Caption","https://namescaption.com/5-ways-to-protect-your-property-investment-from-costly-damage/","https://www.leaffilter.com/locations/ohio/akron",59,19,12,"gutter install canton","2026-08-25","2026-08-28"
328,"Complete Guide to Gutter Services: Protecting Your Home from Water Damage","https://englishgroom.com/complete-guide-to-gutter-services-protecting-your-home-from-water-damage/","https://www.leaffilter.com/locations/texas/corpus-christi/",59,19,19,"gutter install corpus christi","2026-06-03","2026-06-03"
329,"🏆🏆Boost your Google rankings with Premium PBN & Link Building🏆🏆","https://lydiaroyrealestate.com/all/146/1.html","https://www.leaffilter.com/",59,19,39,"high quality dofollow backlinks da 50 pa 40 premium pbn network service gutterguardsbuyersguide.com rank first page google fast seo link building buy backlinks online cheap","2026-07-21","2026-07-21"
330,"🏆🏆Boost your Google rankings with Premium PBN & Link Building🏆🏆","https://www.s-tribe.net/all/305/15.html","https://www.leaffilter.com/promo/go-leaffilter-ctv/",59,19,34,"high quality dofollow backlinks da 50 pa 40 premium pbn network service savemygutters.net rank first page google fast seo link building buy backlinks online cheap","2026-08-21","2026-08-24"
331,"Roof Runoff: Understanding Its Importance, Problems, and Management Solutions - sizeframes.com","https://sizeframes.com/roof-runoff-understanding-its-importance-problems-and-management-solutions/","https://www.leaffilter.com/locations/north-dakota/bismarck/",59,18,17,"gutter install bismarck","2026-06-03","2026-06-03"
332,"Exterior Home Upgrades That Prevent Expensive Repairs Later - Unique Anniversary","https://uniqueanniversary.com/exterior-home-upgrades-that-prevent-expensive-repairs-later/","https://www.leaffilter.com/locations/new-york/albany/",59,17,14,"gutter install in albany","2026-07-21","2026-07-24"
333,"🏆🏆Boost your Google rankings with Premium PBN & Link Building🏆🏆","https://phanerosart.com/all/1265/16.html","https://www.leaffilter.com/",59,17,12,"high quality dofollow backlinks da 50 pa 40 premium pbn network service gutterprotectionperfection.com rank first page google fast seo link building buy backlinks online cheap","2026-08-16","2026-08-16"
334,"-","https://theanswerdetroit.com/lifestyle/the-latest-halloween-trick-or-treat-trends-according-to-instacart-data?page=4","https://www.leaffilter.com/",59,13,15,"leaffilter","2026-04-04","2026-04-04"
335,"700+ Stores That Offer Discounts for Active Duty Military and Veterans","https://dealspotr.com/article/military-discounts","https://www.leaffilter.com/purchase/pricing/discounts/",58,41,3,"10 military discount","2018-11-12","2026-06-28"
336,"LeafFilter North Company Profile | Management and Employees List","https://www.datanyze.com/companies/leaffilter-north/165938128","https://www.leaffilter.com/",58,36,2,"www.leaffilter.com","2026-04-27","2026-08-02"
337,"Pittrvshow.com - анализ сайта, seo характеристики сайта - питтрвшов точка ком","https://prlog.ru/analysis/pittrvshow.com","https://www.leaffilter.com/",58,34,13,"leaffilter.com/","2020-01-10","2026-07-05"
338,"-","https://www.multibriefs.com/briefs/nari/NARI011817.php","https://www.leaffilter.com/",58,34,5,"here","2017-06-20","2020-11-22"
339,"-","https://www.minnesotamonthly.com/grill-fest-participants/","https://www.leaffilter.com/",58,34,1,"leaffilter","2025-06-21","2026-07-05"
340,"LeafFilter | The Org","https://theorg.com/org/leaffilter","https://www.leaffilter.com/",58,33,7,"-","2025-01-10","2026-07-25"
341,"-","https://realtytimes.com/consumeradvice/homeownersadvice/item/37824-20150828-why-your-gutters-deserve-some-tlc","https://www.leaffilter.com/",58,33,1,"leaffilter","2017-10-13","2026-07-03"
342,"Manhunt launched after 4 killed in a shooting at a Montana bar | American Press","https://americanpress.com/2025/08/01/manhunt-launched-after-4-killed-in-a-shooting-at-a-montana-bar/","https://www.leaffilter.com/discover/sa-www/taboola-prospecting-dynamic-kw-control/",58,33,2,"cost of a 6-hour upgrade to gutter guardsgutter service you can count on. local pros you can trust.","2026-07-15","2026-08-01"
343,"Leaf Filter - Shakopee - Southwest News Media","https://local.swnewsmedia.com/shakopee-us-mn/leaf-filter-shakopee-855-845-8425","https://www.leaffilter.com/discover/",58,30,19,"https://www.leaffilter.com/discover","2020-07-08","2026-07-02"
344,"-","https://www.pumpitupmagazine.com/how-to-elevate-your-living-space-with-innovative-home-designs/","https://www.leaffilter.com/locations/south-carolina/greenville/gutter-guards/",58,24,1,"gutter cleaning","2026-04-19","2026-08-03"
345,"How to Protect Your Roof from Long-Term Water Damage - Isaiminia","https://isaiminia.com/how-to-protect-your-roof-from-long-term-water-damage/","https://www.leaffilter.com/locations/florida/port-st-lucie/",58,24,6,"gutter install port st lucie","2026-07-18","2026-07-21"
346,"-","https://theanswerorlando.com/lifestyle/how-to-help-seniors-manage-allergies?page=4","https://www.leaffilter.com/",58,21,10,"leaffilter","2026-04-06","2026-04-06"
347,"-","https://coupons.daily-contributors.com/rc/882661","https://www.leaffilter.com/",58,21,3,"-","2025-03-17","2026-07-05"
348,"-","https://servicesdictionary.com/gutter-cleaning-service-companies-chicago/","https://www.leaffilter.com/chicago/",58,21,2,"https://www.leaffilter.com/chicago/","2023-04-20","2024-07-29"
349,"Half-Round vs K-Style Gutters: A Practical Installation Guide","https://grammarclubs.com/half-round-vs-k-style-gutters-a-practical-installation-guide/","https://www.leaffilter.com/locations/virginia/richmond/",58,20,4,"gutter install in ashland","2026-08-23","2026-08-23"
350,"Top 5 Maintenance Hacks to Cope with Hidden Hazards and Why Pest Control is Key","https://lingorae.com/top-5-maintenance-hacks-to-cope-with-hidden-hazards-and-why-pest-control-is-key/","https://www.leaffilter.com/locations/virginia/north-virginia",58,20,17,"gutter install chantilly","2026-08-14","2026-08-14"
351,"Why Downspout Placement Matters During Gutter Installation - Puns Trend","https://punstrend.com/why-downspout-placement-matters-during-gutter-installation/","https://www.leaffilter.com/locations/texas/amarillo/",58,19,18,"gutter install in amarillo","2026-08-14","2026-08-14"
352,"🏆🏆Boost your Google rankings with Premium PBN & Link Building🏆🏆","https://www.chordmp3.net/all/1117/12.html","https://www.leaffilter.com/promo/get-leaffilter-tv/",58,19,21,"high quality dofollow backlinks da 50 pa 40 premium pbn network service freegutterinspect.com rank first page google fast seo link building buy backlinks online cheap","2026-07-08","2026-07-08"
353,"Homeowner Tips: A Complete Guide to Maintaining and Improving Your Home - My Blog","https://newusatrend.com/homeowner-tips-a-complete-guide-to-maintaining-and-improving-your-home/","https://www.leaffilter.com/locations/california/san-jose/",58,18,7,"gutter install san jose","2026-06-03","2026-06-03"
354,"Practical Ways to Reduce Long-Term Home Maintenance Costs - sayingwhisper.com","https://sayingwhisper.com/practical-ways-to-reduce-long-term-home-maintenance-costs/","https://www.leaffilter.com/locations/new-york/albany/",58,18,4,"gutter install in albany","2026-07-14","2026-07-14"
355,"5 Ways to Design a Functional and Relaxing Backyard - Stories Radius","https://storiesradius.com/5-ways-to-design-a-functional-and-relaxing-backyard/","https://www.leaffilter.com/locations/texas/beaumont/",58,18,9,"gutter install beaumont","2026-07-24","2026-07-27"
356,"Should You Replace Gutters Before Selling Your Home?","https://grammarvisit.com/should-you-replace-gutters-before-selling-your-home/","https://www.leaffilter.com/locations/new-mexico/albuquerque/",58,18,12,"gutter install in albuquerque","2026-08-15","2026-08-15"
357,"Why Rainwater Spills Over the Side of Gutters - starsnapshots","https://starsnapshots.com/why-rainwater-spills-over-the-side-of-gutters/","https://www.leaffilter.com/locations/nevada/las-vegas/",58,17,9,"gutter install las vegas","2026-06-23","2026-06-23"
358,"LeafFilter Company Profile - Office Locations, Competitors, Revenue, Financials, Employees, Key People, Subsidiaries | Craft.co","https://craft.co/leaffilter","https://www.leaffilter.com/",57,43,1,"-","2018-02-21","2026-07-04"
359,"Top 30 Roofing Contractors in Montville, NJ | DexKnows.com","https://www.dexknows.com/montville-nj/roofing-contractors/","https://www.leaffilter.com/discover/?y_source=1_MTkwMzIyNDgtNTUzLWxvY2F0aW9uLnJlc2VydmF0aW9uX3VybA%3D%3D",57,40,5,"icon external link","2026-05-11","2026-05-11"
360,"How To Really Clean Your Gutters","https://www.housedigest.com/714129/how-to-really-clean-your-gutters/","https://www.leaffilter.com/blog/gutter-cleaning/clean-gutters-without-ladder/",57,38,1,"the leaflet","2022-01-27","2026-03-02"
361,"Reach Your Network Marketing Potential: 5 Ways to Generate 100s of Marketing Leads!-817 | Way Ranks","https://wayranks.com/reach-your-network-marketing-potential-5-ways-to-generate-100s-of-marketing-leads-817/","https://www.leaffilter.com/",57,36,4,"https://leaffilter.com","2022-06-04","2026-07-12"
362,"October 2014 News Archives | Jayski","https://www.jayski.com/jayski-archives/october-2014-news-archives/","https://www.leaffilter.com/404-page/",57,34,3,"leaffilter","2024-04-28","2026-07-03"
363,"The World's Largest Yard Sale is Back This Fall","https://wyrk.com/the-worlds-largest-yard-sale-is-back-for-2018-2/","https://www.leaffilter.com/",57,33,1,"leaf filter","2018-11-08","2026-07-03"
364,"Truck and Tractor Show | PenBay Pilot","https://www.penbaypilot.com/affiliate-post/truck-and-tractor-show/271892","https://www.leaffilter.com/locations/maine/portland/",57,31,1,"leaffilter gutter services","2026-07-09","2026-08-26"
365,"-","https://forum.woodenboat.com/showthread.php?239339-i-gotta-find-a-better-way/page3","https://www.leaffilter.com/discover/",57,30,1,"https://www.leaffilter.com/discover/...2018-affiliate","2021-12-14","2023-07-27"
366,"Profile: LeafFilter - Buyer's Guide Online - WineBusiness Analytics","https://winebusinessanalytics.com/buyersguide/company/73477/LeafFilter","https://www.leaffilter.com/",57,24,2,"leaffilter.com","2023-05-29","2026-07-20"
367,"Prevent Rainwater Damage on Walkways & Driveways","https://lyricsdaw.com/2025/07/prevent-rainwater-damage-outdoor-surfaces.html","https://www.leaffilter.com/locations/arizona/phoenix/",57,23,6,"gutter install phoenix","2026-07-11","2026-07-11"
368,"Practical Strategies for Simplifying Your Home and Lifestyle - techtrendery","https://techtrendery.com/practical-strategies-for-simplifying-your-home-and-lifestyle/","https://www.leaffilter.com/locations/florida/orlando/",57,22,4,"gutter install orlando","2026-08-23","2026-08-23"
369,"Comparing Siding Materials for Home Exteriors - Filmik","https://filmik.blog/comparing-siding-materials-for-home-exteriors/","https://www.leaffilter.com/locations/north-dakota/fargo/",57,22,1,"gutter install in fargo","2026-06-27","2026-06-30"
370,"-","https://erratichour.com/matt-kaulig-net-worth","https://www.leaffilter.com/",57,22,3,"leaffilter","2025-10-04","2026-04-19"
371,"Residential Gutter Systems: Everything Homeowners Need to Know","https://planetfitnessprices.com/residential-gutter-systems-everything-homeowners-need-to-know/","https://www.leaffilter.com/locations/louisiana/shreveport",57,21,15,"gutter install bossier city","2026-08-30","2026-08-30"
372,"Common Causes and Smart Solutions for Drain Clogs and Sewer Backups - RubMD","https://rubmd.net/common-causes-and-smart-solutions-for-drain-clogs-and-sewer-backups/","https://www.leaffilter.com/locations/virginia/norfolk/",57,21,9,"gutter install norfolk","2026-06-24","2026-06-27"
373,"🏆🏆Boost your Google rankings with Premium PBN & Link Building🏆🏆","https://fletcherrld.com/all/1265/15.html","https://www.leaffilter.com/",57,20,14,"high quality dofollow backlinks da 50 pa 40 premium pbn network service gutterguardsbuyersguide.com rank first page google fast seo link building buy backlinks online cheap","2026-08-16","2026-08-16"
374,"Gutter Maintenance: A Complete Guide to Protecting Your Home","https://inspireblessing.com/gutter-maintenance-a-complete-guide-to-protecting-your-home/","https://www.leaffilter.com/locations/texas/corpus-christi/",57,20,3,"gutter install corpus christi","2026-08-06","2026-08-09"
375,"-","https://supersmartnet.com/signs-you-need-a-new-drive/","https://www.leaffilter.com/blog/home-exteriors/signs-you-need-a-new-driveway/",57,20,4,"oil stains or faded patches","2021-08-19","2022-02-21"
376,"Seasonal Roofing Tasks Every Homeowner Should Schedule With a Contractor - punopedia.com","https://punopedia.com/seasonal-roofing-tasks-every-homeowner-should-schedule-with-a-contractor/","https://www.leaffilter.com/locations/new-jersey/pleasantville/",57,20,3,"gutter install egg harbor township","2026-09-01","2026-09-01"
377,"Why Proper Drainage Matters for Long-Term Home Protection - Puns Corner","https://punscorner.com/why-proper-drainage-matters-for-long-term-home-protection/","https://www.leaffilter.com/locations/new-york/buffalo/",57,20,2,"gutter install hamburg","2026-08-11","2026-08-11"
378,"Home Exterior Protection: A Complete Guide to Safeguarding Your Property - punzandjokes.com","https://punzandjokes.com/home-exterior-protection-a-complete-guide-to-safeguarding-your-property/","https://www.leaffilter.com/locations/nebraska/omaha/",57,20,23,"gutter install omaha","2026-06-03","2026-06-03"
379,"Seamless Gutters: The Smart Choice for Modern Homes - texthints.com","https://texthints.com/seamless-gutters-the-smart-choice-for-modern-homes/","https://www.leaffilter.com/locations/missouri/columbia/",57,20,17,"gutter install columbia","2026-06-06","2026-06-09"
380,"🏆🏆Boost your Google rankings with Premium PBN & Link Building🏆🏆","https://www.bazerdaily.com/all/1117/12.html","https://www.leaffilter.com/promo/get-leaffilter-tv/",57,19,7,"high quality dofollow backlinks da 50 pa 40 premium pbn network service freegutterinspect.com rank first page google fast seo link building buy backlinks online cheap","2026-07-10","2026-07-10"
381,"🏆🏆Boost your Google rankings with Premium PBN & Link Building🏆🏆","https://thedocmag.com/all/1185/5.html","https://www.leaffilter.com/promo/get-leaffilter-tv/",57,19,1,"high quality dofollow backlinks da 50 pa 40 premium pbn network service getthemuckout.com rank first page google fast seo link building buy backlinks online cheap","2026-08-19","2026-08-19"
382,"Expert Roofing Installs Gutter Guards In Biloxi | Cleaning","https://expertroofing.us/gutter-guards-in-biloxi-ms/","https://www.leaffilter.com/blog/home-exteriors/roofing-gutters/how-to-install-gutter-guards/",57,19,1,"installing the proper gutter guards","2025-10-02","2026-07-19"
383,"🏆🏆Boost your Google rankings with Premium PBN & Link Building🏆🏆","https://fittyfoody.com/all/1117/12.html","https://www.leaffilter.com/promo/get-leaffilter-tv/",57,19,7,"high quality dofollow backlinks da 50 pa 40 premium pbn network service freegutterinspect.com rank first page google fast seo link building buy backlinks online cheap","2026-07-21","2026-07-24"
384,"Aluminum, Steel, Copper, or Vinyl Gutters: What Should You Install?","https://waysoverall.com/aluminum-steel-copper-or-vinyl-gutters-what-should-you-install/","https://www.leaffilter.com/locations/washington/seattle/",57,19,4,"gutter install in auburn","2026-08-15","2026-08-18"
385,"Why Proper Gutter Installation Matters for Roof and Foundation Protection","https://chatingidea.com/why-proper-gutter-installation-matters-for-roof-and-foundation-protection/","https://www.leaffilter.com/locations/new-york/buffalo/",57,19,13,"gutter install hamburg","2026-06-18","2026-06-21"
386,"🏆🏆Boost your Google rankings with Premium PBN & Link Building🏆🏆","https://expresskitchendesigns.com/all/1699/17.html","https://www.leaffilter.com/promo/get-leaffilter-tv/",57,19,6,"high quality dofollow backlinks da 50 pa 40 premium pbn network service leafhomewaterdamage.com rank first page google fast seo link building buy backlinks online cheap","2026-08-14","2026-08-14"
387,"The Complete Guide to Gutter Maintenance - Punshome","https://punshome.com/the-complete-guide-to-gutter-maintenance/","https://www.leaffilter.com/locations/missouri/columbia/",57,19,2,"gutter install columbia","2026-08-10","2026-08-10"
388,"Exterior Home Maintenance: A Complete Guide to Protecting and Enhancing Your Property","https://punoramaa.com/exterior-home-maintenance-a-complete-guide-to-protecting-and-enhancing-your-property/","https://www.leaffilter.com/locations/texas/beaumont/",57,19,4,"gutter install beaumont","2026-08-12","2026-08-15"
389,"How a Roofing Company Prepares Homes for Heavy Rain and Wind Seasons","https://anniversaryfeel.com/how-a-roofing-company-prepares-homes-for-heavy-rain-and-wind-seasons/","https://www.leaffilter.com/locations/texas/corpus-christi/",57,19,37,"gutter install corpus christi","2026-08-25","2026-08-28"
390,"🏆🏆Boost your Google rankings with Premium PBN & Link Building🏆🏆","https://juaralaundry.com/all/1265/15.html","https://www.leaffilter.com/",57,18,6,"high quality dofollow backlinks da 50 pa 40 premium pbn network service gutterguardsbuyersguide.com rank first page google fast seo link building buy backlinks online cheap","2026-08-16","2026-08-16"
391,"🏆🏆Boost your Google rankings with Premium PBN & Link Building🏆🏆","https://blogerreviewers.com/all/1185/5.html","https://www.leaffilter.com/promo/get-leaffilter-tv/",57,18,6,"high quality dofollow backlinks da 50 pa 40 premium pbn network service getthemuckout.com rank first page google fast seo link building buy backlinks online cheap","2026-08-20","2026-08-20"
392,"🏆🏆Boost your Google rankings with Premium PBN & Link Building🏆🏆","https://onlineshoppingidea.com/all/964/14.html","https://www.leaffilter.com/ctv-2/?map_phone=true",57,18,11,"high quality dofollow backlinks da 50 pa 40 premium pbn network service noclogs.com rank first page google fast seo link building buy backlinks online cheap","2026-07-30","2026-08-02"
393,"Roof Repair: A Complete Guide to Protecting Your Home","https://takebarbers.com/roof-repair-a-complete-guide-to-protecting-your-home/","https://www.leaffilter.com/locations/north-dakota/bismarck/",57,18,5,"gutter install bismarck","2026-06-12","2026-06-15"
394,"Alseza - Page 6 of 29 -","https://alseza.com/page/6/","https://www.leaffilter.com/locations/texas/austin/",57,18,17,"gutter install austin","2026-08-19","2026-08-19"
395,"🏆🏆Boost your Google rankings with Premium PBN & Link Building🏆🏆","https://www.rdxextremez.com/all/510/9.html","https://www.leaffilter.com/",57,18,11,"high quality dofollow backlinks da 50 pa 40 premium pbn network service stopguttercleaning.com rank first page google fast seo link building buy backlinks online cheap","2026-08-18","2026-08-21"
396,"Special event and festival marketing, promotion, production and sponsorship","https://miramarevents.com/","https://www.leaffilter.com/",56,45,1,"leaf filter gutter protection","2018-08-02","2026-04-16"
397,"-","https://developmentmi.com/harnessing-the-power-of-search-marketing-within-the-realm-of-social-media/","https://www.leaffilter.com/",56,36,6,"leaffilter","2022-07-05","2026-07-05"
398,"Greater Hamilton Home & Garden Show | Postmedia Network Inc. on Glue Up","https://app.glueup.com/event/greater-hamilton-home-garden-show-19314/","https://www.leaffilter.com/",56,35,2,"www.leaffilter.com/","2020-09-17","2026-06-25"
399,"-","https://starcourts.com/harnessing-the-power-of-search-marketing-within-the-realm-of-social-media-2/","https://www.leaffilter.com/",56,34,7,"leaffilter","2022-07-03","2026-07-05"
400,"-","https://www.mckinneytexas.org/664/Oktoberfest?gclid=Cj0KCQjwruPNBRCKARIsAEYNXIjyxv4yzgkQ5zI0INeOAmSbo7si-Gqob7jZPF5Z89AIoX8XRNhQYtAaAr7uEALw_wcB","https://www.leaffilter.com/",56,32,6,"leaf filter logo","2024-09-05","2026-07-05"
401,"How To Sell Your Home In These 4 Hassle-Free Steps - Budget Savvy Diva","https://www.budgetsavvydiva.com/2021/09/how-to-sell-your-home-in-these-4-hassle-free-steps/","https://www.leaffilter.com/locations/louisville-gutter-guards/",56,32,2,"leaffilter","2024-11-08","2026-07-09"
402,"Following Chiropractic Advice for Cleaning the Gutter","https://www.thejoint.com/texas/fort-worth/keller-28100/260453-following-chiropractic-advice-for-cleaning-gutter","https://www.leaffilter.com/blog/",56,31,1,"story link","2023-08-04","2026-07-19"
403,"5 Ways To Transform And Improve The Appearance Of Your House - A House in the Hills","https://ahouseinthehills.com/5-ways-to-transform-and-improve-the-appearance-of-your-house/","https://www.leaffilter.com/blog/home-exteriors/roofing-gutters/much-new-gutters-cost/",56,30,1,"average pricing","2023-12-06","2026-07-15"
404,"How to protect your home's gutters in winter - The Morning Sun","https://morningsun.net/premium/stacker/stories/how-to-protect-your-home039s-gutters-in-winter,315300","https://www.leaffilter.com/blog/lifestyle/proactive-home-ownership/winter-faqs/",56,29,23,"-","2026-04-23","2026-04-23"
405,"Main Street Fest Sponsors & Marketing Partners","https://www.grapevinetexasusa.com/main-street-fest/general-information/sponsors/","https://www.leaffilter.com/",56,29,1,"leaffilter north, inc. logo","2026-06-28","2026-06-28"
406,"Sponsors -  2024 Doggie Dash","https://secure.oregonhumane.org/2024-doggie-dash/Static/sponsors","https://www.leaffilter.com/",56,29,1,"leaffilter gutter protection","2025-03-19","2026-07-05"
407,"-","https://leaffilter.scambook.com/company/view/52426/","https://www.leaffilter.com/",56,28,"-","http://www.leaffilter.com","2018-02-21","2018-02-21"
408,"-","https://phsonline.org/thank-you","https://www.leaffilter.com/",56,28,1,"-","2016-04-22","2019-05-22"
409,"Foolproof Ways To Keep Your Basement Dry | UK Home Improvement","https://www.ukhomeimprovement.co.uk/blog/home-improvements/basements/foolproof-ways-to-keep-your-basement-dry/","https://www.leaffilter.com/blog/home-exteriors/roofing-gutters/6-signs-clogged-gutters/",56,26,4,"blocked gutters","2023-10-23","2026-07-17"
410," The Signs of Clogged Gutters: When to Schedule a Cleaning - Ecomuch","https://ecomuch.com/the-signs-of-clogged-gutters/","https://www.leaffilter.com/locations/minnesota/rochester/",56,24,1,"gutter install rochester","2026-07-03","2026-07-06"
411,"Why Hiring A Full-Service Roofing Team Makes A Difference For Your Home","https://userteamnames.com/why-hiring-a-full-service-roofing-team-makes-a-difference-for-your-home/","https://www.leaffilter.com/locations/pennsylvania/washington/",56,24,8,"gutter install bentleyville","2026-07-19","2026-07-19"
412,"-","https://www.ubytovani-krkonossko.info/tag/casino/","https://www.leaffilter.com/",56,23,67,"leaffilter","2024-02-17","2026-07-05"
413,"When to Repair vs. Replace Your Roof: A Homeowner’s Practical Guide - sosomodapks","https://sosomodapks.com/when-to-repair-vs-replace-your-roof-a-homeowners/","https://www.leaffilter.com/locations/texas/san-antonio/",56,23,3,"gutter install san antonio","2026-06-28","2026-06-28"
414,"How To Properly Fix An Overflowing Gutter - No Minimalist Here","https://www.nominimalisthere.com/properly-fix-an-overflowing-gutter/","https://www.leaffilter.com/blog/gutter-cleaning/what-is-the-best-time-of-year-to-clean-gutters/",56,23,1,"spring and fall are best","2024-01-26","2026-06-28"
415,"Leaf Filter Of Alabama - BestHelpTips.com","https://www.besthelptips.com/general-contractors/listing/8dca6891924676264e2e41d144266153/","https://www.leaffilter.com/",56,23,13,"https://www.leaffilter.com","2021-11-08","2026-06-13"
416,"🏆🏆Boost your Google rankings with Premium PBN & Link Building🏆🏆","https://smartstimer.com/all/1185/5.html","https://www.leaffilter.com/promo/get-leaffilter-tv/",56,23,7,"high quality dofollow backlinks da 50 pa 40 premium pbn network service getthemuckout.com rank first page google fast seo link building buy backlinks online cheap","2026-08-20","2026-08-20"
417,"🏆🏆Boost your Google rankings with Premium PBN & Link Building🏆🏆","https://theforbestimes.com/all/1265/15.html","https://www.leaffilter.com/",56,22,6,"high quality dofollow backlinks da 50 pa 40 premium pbn network service gutterguardsbuyersguide.com rank first page google fast seo link building buy backlinks online cheap","2026-08-16","2026-08-16"
418,"🏆🏆Boost your Google rankings with Premium PBN & Link Building🏆🏆","https://www.qwenterprise.com/all/305/15.html","https://www.leaffilter.com/promo/go-leaffilter-ctv/",56,22,1,"high quality dofollow backlinks da 50 pa 40 premium pbn network service savemygutters.net rank first page google fast seo link building buy backlinks online cheap","2026-07-26","2026-07-26"
419,"How Professional Restoration Services Help Recover Properties After Water Damage - Stylo Magz","https://stylomagz.com/how-professional-restoration-services-help-recover-properties-after-water-damage/","https://www.leaffilter.com/locations/michigan/port-huron/",56,21,19,"gutter install shelby township","2026-08-17","2026-08-17"
420,"Residential Maintenance: A Complete Guide to Keeping Your Home in Top Condition - Biblegraces","https://biblegraces.com/residential-maintenance-a-complete-guide-to-keeping-your-home-in-top-condition/","https://www.leaffilter.com/locations/washington/everett",56,20,24,"gutter install mukilteo","2026-06-03","2026-06-06"
421,"Leaf Guard Gutters: A Smart Solution for Cleaner and Safer Homes","https://smileloverz.com/leaf-guard-gutters-a-smart-solution-for-cleaner-and-safer-homes/","https://www.leaffilter.com/locations/missouri/columbia/",56,20,15,"gutter install columbia","2026-06-14","2026-06-14"
422,"How to Prevent Clogged Gutters and Protect Your Home","https://www.fancy-letters.com/article/how-to-prevent-clogged-gutters-and-protect-your-home","https://www.leaffilter.com/locations/washington/everett",56,20,5,"gutter install mukilteo","2026-06-30","2026-07-03"
423,"Home Water Damage Prevention: A Complete Guide - Journal Reviews","https://journalreviewes.com/home-water-damage-prevention-a-complete-guide/","https://www.leaffilter.com/locations/texas/austin/",56,19,8,"gutter install austin","2026-06-03","2026-06-03"
424,"-","https://missburrg.com/all/65/26.html","https://www.leaffilter.com/promo/get-leaffilter-tv/",56,19,9,"high quality dofollow backlinks da 50 pa 40 premium pbn network service getthemuckout.com rank first page google fast seo link building buy backlinks online cheap","2026-07-15","2026-07-15"
425,"🏆🏆Boost your Google rankings with Premium PBN & Link Building🏆🏆","https://ufabettererm4.com/all/1265/15.html","https://www.leaffilter.com/",56,19,7,"high quality dofollow backlinks da 50 pa 40 premium pbn network service gutterguardsbuyersguide.com rank first page google fast seo link building buy backlinks online cheap","2026-08-16","2026-08-16"
426,"Smart Questions to Ask During an Exterior Home Inspection - My Blog","https://englishwritingguide.com/smart-questions-to-ask-during-an-exterior-home-inspection/","https://www.leaffilter.com/locations/texas/waco/",56,19,5,"gutter install in waco","2026-07-07","2026-07-07"
427,"🏆🏆Boost your Google rankings with Premium PBN & Link Building🏆🏆","https://archive-hu.com/all/1265/15.html","https://www.leaffilter.com/",56,19,11,"high quality dofollow backlinks da 50 pa 40 premium pbn network service gutterguardsbuyersguide.com rank first page google fast seo link building buy backlinks online cheap","2026-08-16","2026-08-16"
428,"Important Things Homeowners Should Know About Renovation Services","https://englishguidex.com/important-things-homeowners-should-know-about-renovation-services/","https://www.leaffilter.com/locations/texas/corpus-christi/",56,19,10,"gutter install corpus christi","2026-07-17","2026-07-17"
429,"🏆🏆Boost your Google rankings with Premium PBN & Link Building🏆🏆","https://canadapsilocybin.com/all/1265/15.html","https://www.leaffilter.com/",56,19,9,"high quality dofollow backlinks da 50 pa 40 premium pbn network service gutterguardsbuyersguide.com rank first page google fast seo link building buy backlinks online cheap","2026-08-17","2026-08-17"
430,"🏆🏆Boost your Google rankings with Premium PBN & Link Building🏆🏆","https://fastlifesite.com/all/1182/24.html","https://www.leaffilter.com/linear-tv/?map_phone=true",56,19,12,"high quality dofollow backlinks da 50 pa 40 premium pbn network service getleaffilter.com rank first page google fast seo link building buy backlinks online cheap","2026-08-20","2026-08-20"
431,"The Most Effective Ways to Cut Heat Gain From the Roof - Americagoodsky.com","https://americagoodsky.com/the-most-effective-ways-to-cut-heat-gain-from-the-roof/","https://www.leaffilter.com/locations/california/san-jose/",56,18,6,"gutter install san jose","2026-08-05","2026-08-05"
432,"Why Water Management Should Come Before Cosmetic Exterior Upgrades","https://sybaumeaning.com/why-water-management-should-come-before-cosmetic-exterior-upgrades/","https://www.leaffilter.com/locations/new-mexico/albuquerque/",56,18,14,"gutter install in albuquerque","2026-08-14","2026-08-14"
433,"Exterior Home Maintenance: A Complete Guide to Protecting and Enhancing Your Property","https://punspoo.com/exterior-home-maintenance-a-complete-guide-to-protecting-and-enhancing-your-property/","https://www.leaffilter.com/locations/iowa/quad-cities",56,18,41,"gutter install bettendorf","2026-07-09","2026-07-09"
434,"🏆🏆Boost your Google rankings with Premium PBN & Link Building🏆🏆","https://primenewsartical.com/all/1265/16.html","https://www.leaffilter.com/",56,18,6,"high quality dofollow backlinks da 50 pa 40 premium pbn network service gutterprotectionperfection.com rank first page google fast seo link building buy backlinks online cheap","2026-08-10","2026-08-10"
435,"New Gutters After a Roof Replacement: What Should Come First?","https://countsen.com/new-gutters-after-a-roof-replacement-what-should-come-first/","https://www.leaffilter.com/locations/washington/seattle/",56,18,40,"gutter install in auburn","2026-07-19","2026-07-19"
436,"🏆🏆Boost your Google rankings with Premium PBN & Link Building🏆🏆","https://www.onlyhealthydeals.com/all/1117/12.html","https://www.leaffilter.com/promo/get-leaffilter-tv/",56,18,7,"high quality dofollow backlinks da 50 pa 40 premium pbn network service freegutterinspect.com rank first page google fast seo link building buy backlinks online cheap","2026-07-21","2026-07-21"
437,"Can Gutter Guards Cause Roof Problems? - datainches.com","https://datainches.com/can-gutter-guards-cause-roof-problems/","https://www.leaffilter.com/locations/georgia/peachtree-city/",56,18,10,"gutter install peachtree city","2026-06-11","2026-06-11"
438,"Foundation Water Damage: Causes, Signs, Prevention, and Repair - TrendingNetworths","https://trendingnetworths.com/foundation-water-damage-causes-signs-prevention-and-repair/","https://www.leaffilter.com/locations/north-dakota/bismarck/",56,17,16,"gutter install bismarck","2026-06-04","2026-06-04"
439,"LeafFilter Gutter Guard Review | Types, Features & Rates","https://www.consumersadvocate.org/gutter-guard/c/leaffilter-gutter-guard-review","https://www.leaffilter.com/",55,45,3,"https://www.leaffilter.com/","2018-02-27","2026-06-25"
440,"
	World Food & Music Festival in Des Moines, Iowa
","https://www.dsmpartnership.com/worldfoodandmusicfestival/","https://www.leaffilter.com/",55,44,1,"-","2025-09-21","2026-06-26"
441,"Branding – What Exactly Makes for a Successful Brand? | King Ranks","https://kingranks.com/branding-what-exactly-makes-for-a-successful-brand/","https://www.leaffilter.com/",55,41,9,"leaffilter","2022-10-05","2026-07-07"
442,"LeafFilter Gutter Protection - 226 Reviews - Gutter Services in Memphis, TN - Birdeye","https://reviews.birdeye.com/leaffilter-gutter-protection-156203517782607","https://www.leaffilter.com/",55,35,1,"https://www.leaffilter.com/","2026-02-05","2026-02-05"
443,"
	LeafFilter Gutter Protection - Gutter Cleaning Service - Roanoke, VA 24016
","https://ezlocal.com/va/roanoke/gutter-cleaning-service/0916708152","https://www.leaffilter.com/locations/virginia/roanoke/?y_source=1_MTkwMzIyNjItNzMzLWxvY2F0aW9uLndlYnNpdGU%3D",55,35,1,"website icon","2025-06-20","2025-12-17"
444,"-","https://rocketreach.co/leaffilter-gutter-protection-profile_b5cb8468f42e148a","https://www.leaffilter.com/",55,34,28,"https://gutte.rs/3m7zpq5","2023-11-09","2026-06-28"
445,"-","https://www.apollo.io/directory/people/name/andrew/rhodes/1","https://www.leaffilter.com/",55,34,4,"http://www.leaffilter.com","2020-03-16","2020-03-18"
446,"Market Research 101 | Web Rank Site","https://webranksite.com/market-research-101/","https://www.leaffilter.com/",55,34,6,"leaffilter","2022-09-28","2026-07-05"
447,"Reach Your Network Marketing Potential: 5 Ways to Generate 100s of Marketing Leads!-817 | Top To High","https://toptohigh.com/reach-your-network-marketing-potential-5-ways-to-generate-100s-of-marketing-leads-817/","https://www.leaffilter.com/",55,33,3,"https://leaffilter.com","2022-05-25","2026-07-24"
448,"-","https://worldranksite.com/some-great-ways-to-promote-your-b2b-marketing-events/","https://www.leaffilter.com/",55,33,3,"leaffilter","2023-01-23","2026-07-05"
449,"-","https://blog.twomenandatruck.com/tag/moving-company/page/3/","https://www.leaffilter.com/",55,32,1,"leaffilter","2021-10-30","2021-10-30"
450,"-","https://www.boomplay.com/episode/8480737","https://www.leaffilter.com/knowles",55,32,1,"https://www.leaffilter.com/knowles","2024-12-08","2025-03-12"
451,"-","https://toparticlesdirectory.com/some-great-ways-to-promote-your-b2b-marketing-events/","https://www.leaffilter.com/",55,31,5,"leaffilter","2023-01-14","2026-07-05"
452,"-","https://rapidcity-490.comfortkeepers.com/blog?article=199&date=2016-09-22&title=home-healthcare-tips-3-tips-to-successfully-age-in-place-","https://www.leaffilter.com/blog/top-3-tips-aging-place-successfully/",55,30,2,"http://www.leaffilter.com/blog/top-3-tips-aging-place-successfully/","2017-12-15","2019-11-13"
453,"MUCK: Erster 4K Horrorfilm kommt 2014 in die US Kinos (Trailer) - 4K Filme","https://www.4kfilme.de/muck-erster-4k-horrorfilm-2014-kino-trailer/","https://www.leaffilter.com/promo/get-leaffilter-tv/",55,30,12,"getthemuckout.com","2023-04-20","2026-07-08"
454,"-","https://www.gozips.com/sports/fball/2012-13/releases/20120603zuf5r1?dec=printer-decorator","https://www.leaffilter.com/",55,28,2,"leaffilter","2016-09-23","2017-03-28"
455,"How Improper Roof Deck Fastening Leads to Surface Movement - celebinsightz","https://celebinsightz.com/how-improper-roof-deck-fastening-leads-to-surface-movement/","https://www.leaffilter.com/locations/california/anaheim/",55,27,8,"gutter install orange ca","2026-07-28","2026-08-03"
456,"How to Protect Fascia Boards from Moisture Damage","https://lyricsgoo.com/how-to-protect-fascia-boards-from-moisture-damage/","https://www.leaffilter.com/locations/north-carolina/raleigh/",55,26,5,"gutter install raleigh","2026-07-26","2026-07-26"
457,"citybuzz : Boston : Gridiron Capital backs LeafFilter","https://boston.citybuzz.co/article/416579/gridiron-capital-backs-leaffilter","https://www.leaffilter.com/",55,26,2,"http://www.leaffilter.com","2023-05-26","2026-08-12"
458,"Gutter Helmet Cost 2026: Prices Per Foot & Total Pricing","https://mynexthouseproject.com/gutter-helmet-cost/","https://www.leaffilter.com/",55,25,3,"leaffilter uses a stainless steel micro mesh screen","2026-07-06","2026-07-09"
459,"50 Plus Finance: Older Home","https://www.50plusfinance.com/search/label/Older%20Home","https://www.leaffilter.com/discover/sa-www/local-pros-near-me-www/?campaignid=567788433&adgroupid=1293026992427070&network=o&device=c&creative&keyword=gutter%20cleaning&adposition&loc_physical_ms=71652&msclkid=6029c8cd309f104dde0bad2ba896016a&gclid=6029c8cd309f104dde0bad2ba896016a&gclsrc=3p.ds",55,25,12,"cleaning the gutters regularly","2024-03-06","2026-07-15"
460,"-","https://watawatawata.panel-laboralcj.gob.mx/w/REhFqkbcyuo","https://www.leaffilter.com/BEATDOWN",55,24,"-","leaffilter.com/beatdown","2025-03-16","2026-08-16"
461,"-","https://moneygos.com/best-pay-per-lead-affiliate-programs/","https://www.leaffilter.com/company/affiliate/",55,22,1,"leaffilter","2023-04-28","2023-04-28"
462,"list.show | few of top websites | page no. 225","https://www.list.show/domain-list-225","https://www.leaffilter.com/",55,22,18,"leaffilter.com","2026-01-18","2026-08-03"
463,"How to Prepare Your House for Storm Season","https://kleardreaming.com/how-to-prepare-your-house-for-storm-season/","https://www.leaffilter.com/locations/mississippi/jackson",55,22,15,"gutter install ridgeland","2026-06-22","2026-06-22"
464,"What Is the Gap Between Roof Shingles and Gutters?","https://simileverse.com/what-is-the-gap-between-roof-shingles-and-gutters/","https://www.leaffilter.com/locations/florida/orlando/",55,22,18,"gutter install orlando","2026-06-03","2026-06-06"
465,"Clogged Gutters: Causes, Risks, Prevention, and Effective Solutions","https://ecofico.com/clogged-gutters-causes-risks-prevention-and-effective-solutions/","https://www.leaffilter.com/locations/idaho/boise/",55,21,9,"gutter install boise","2026-08-16","2026-08-16"
466,"How Professional Plumbing Services Keep Homes Running Smoothly","https://statusuniversity.com/2026/04/professional-plumbing-services-homes-running-smoothly.html","https://www.leaffilter.com/locations/alabama/mobile/",55,20,5,"gutter install mobile","2026-07-17","2026-07-17"
467,"Why Fall Home Maintenance Matters - atozblessing.com","https://atozblessing.com/why-fall-home-maintenance-matters/","https://www.leaffilter.com/locations/iowa/cedar-rapids/",55,20,5,"gutter install cedar rapids","2026-06-04","2026-06-04"
468,"Protect Your Home From Heavy Rain Damage","https://lyricsnona.com/how-to-protect-your-home-from-heavy-rain-and-storm-runoff/","https://www.leaffilter.com/locations/indiana/indianapolis/",55,20,4,"gutter install indianapolis","2026-07-13","2026-07-13"
469,"🏆🏆Boost your Google rankings with Premium PBN & Link Building🏆🏆","https://techbumppy.com/all/1182/24.html","https://www.leaffilter.com/linear-tv/?map_phone=true",55,20,7,"high quality dofollow backlinks da 50 pa 40 premium pbn network service getleaffilter.com rank first page google fast seo link building buy backlinks online cheap","2026-08-16","2026-08-16"
470,"🏆🏆Boost your Google rankings with Premium PBN & Link Building🏆🏆","https://adcreativevideo.com/all/1265/16.html","https://www.leaffilter.com/",55,19,6,"high quality dofollow backlinks da 50 pa 40 premium pbn network service gutterprotectionperfection.com rank first page google fast seo link building buy backlinks online cheap","2026-08-19","2026-08-19"
471,"🏆🏆Boost your Google rankings with Premium PBN & Link Building🏆🏆","https://lawyerinjeddah.com/all/146/1.html","https://www.leaffilter.com/",55,18,28,"high quality dofollow backlinks da 50 pa 40 premium pbn network service gutterguardsbuyersguide.com rank first page google fast seo link building buy backlinks online cheap","2026-08-23","2026-08-23"
472,"🏆🏆Boost your Google rankings with Premium PBN & Link Building🏆🏆","https://themicrodigits.com/all/1182/24.html","https://www.leaffilter.com/linear-tv/?map_phone=true",55,18,11,"high quality dofollow backlinks da 50 pa 40 premium pbn network service getleaffilter.com rank first page google fast seo link building buy backlinks online cheap","2026-08-20","2026-08-20"
473,"Drainage Service for Storm Damage","https://blessinaire.com/drainage-service-for-storm-damage/","https://www.leaffilter.com/locations/georgia/savannah/",55,18,10,"gutter install savannah","2026-08-06","2026-08-10"
474,"Before Good | The Pulse of Fame!","https://beforegood.com/page/12/","https://www.leaffilter.com/locations/maryland/hagerstown/",55,17,1,"gutter install hagerstown","2026-08-23","2026-08-23"
475,"Best Home Upgrades Before the Rainy Season - My Blog","https://blessingspost.com/best-home-upgrades-before-the-rainy-season/","https://www.leaffilter.com/locations/tennessee/memphis/",55,15,6,"gutter install memphis","2026-06-27","2026-06-30"
476,"Seasonal Home Maintenance Tasks That Protect Your Property - wittyeche","https://wittyeche.com/seasonal-home-maintenance-tasks-that-protect-your-property/","https://www.leaffilter.com/locations/iowa/cedar-rapids/",55,15,10,"gutter install cedar rapids","2026-08-15","2026-08-18"
477,"The Hidden Problems Caused by Poorly Installed Gutters - Measurementz","https://measurementz.com/the-hidden-problems-caused-by-poorly-installed-gutters/","https://www.leaffilter.com/locations/texas/amarillo/",55,14,8,"gutter install in amarillo","2026-08-15","2026-08-15"
478,"🏆🏆Boost your Google rankings with Premium PBN & Link Building🏆🏆","https://coruzants.com/all/1265/16.html","https://www.leaffilter.com/",55,13,13,"high quality dofollow backlinks da 50 pa 40 premium pbn network service gutterprotectionperfection.com rank first page google fast seo link building buy backlinks online cheap","2026-08-31","2026-08-31"
479,"Estimating Home Repair Costs","https://mcknighthayden1.pages10.com/Estimating-Home-Repair-Costs-22723040","https://www.leaffilter.com/blog/gutter-cleaning/gutter-cleaning-cost/",54,38,36,"when","2019-03-15","2021-06-01"
480,"Estimating Home Repair Prices","https://woodruffdawson0.blogolize.com/Estimating-Home-Repair-Prices-13078798","https://www.leaffilter.com/blog/gutter-cleaning/gutter-cleaning-cost/",54,37,14,"when","2018-03-06","2018-06-06"
481,"-","https://pirdu.com/lets-kill-the-hunger-before-it-kills-the-humanity/","https://www.leaffilter.com/",54,33,8,"leaffilter","2022-12-15","2026-07-05"
482,"LeafFilter™ North, Inc. - EverybodyWiki Bios & Wiki","https://en.everybodywiki.com/LeafFilter_Gutter_Protection","https://www.leaffilter.com/",54,33,5,"1","2023-10-20","2026-07-16"
483,"Garage for Power Trac and Shop | Page 9 - TractorByNet","https://www.tractorbynet.com/forums/threads/garage-for-power-trac-and-shop.112162/page-9","https://www.leaffilter.com/how_it_works.php",54,33,5,"how the leaffilter gutter protection system works","2026-05-18","2026-05-18"
484,"The Importance of Gutters on Your Roof (Infographic) | GreenPal","https://www.yourgreenpal.com/blog/the-importance-of-gutters-on-your-roof-infographic","https://www.leaffilter.com/blog/home-exteriors/roofing-gutters/6-signs-clogged-gutters/",54,32,1,"clogged gutters ","2024-02-19","2026-07-07"
485,"Imaginology - OC Fair & Event Center - Costa Mesa, CA","https://staging.ocfair.com/imaginology/","https://www.leaffilter.com/",54,31,1,"leaf filter","2026-01-03","2026-07-13"
486,"Tall extension ladders for gutter cleaning | Page 2 | BobIsTheOilGuy","https://bobistheoilguy.com/forums/threads/tall-extension-ladders-for-gutter-cleaning.259655/page-2","https://www.leaffilter.com/",54,31,20,"www.leaffilter.com","2023-04-18","2026-07-05"
487,"Do Clog-Free Gutters Work? Read This Article - Latest Business, Fashion, Entertainment & Finance News - Tastefulspace","https://www.tastefulspace.com/2020/11/06/do-clog-free-gutters-work-read-this-before-you-make-a-decision/","https://www.leaffilter.com/blog/home-exteriors/roofing-gutters/why-are-gutters-so-important/",54,30,2,"other issues","2022-12-27","2026-07-03"
488,"-","https://sbnonline.com/article/entrepreneur-of-the-year-2017-northeast-ohio/","https://www.leaffilter.com/",54,30,2,"leaffilter north inc","2022-05-18","2025-06-24"
489,"4 Overlooked Ways to Save Money on Your Home «  SmartyPig®: Blog","https://blog.smartypig.com/read/4-overlooked-ways-to-save-money-on-your-home/","https://www.leaffilter.com/ctv-2/?map_phone=true",54,27,22,"leaffilter","2026-06-22","2026-06-22"
490,"-","https://ranksdirectory.com/its-not-easy-to-be-the-best-in-its-and-services-company/","https://www.leaffilter.com/",54,26,6,"leaffilter","2024-04-01","2026-07-05"
491,"8 Ways To Keep Water Away From Your Foundation","https://homecreatives.net/ways-to-keep-water-away-from-your-foundation/","https://www.leaffilter.com/blog/home-exteriors/roofing-gutters/how-much-does-it-cost-to-install-gutter-guards/",54,24,1,"what they typically cost","2023-10-25","2026-05-05"
492,"-","https://promosearcher.com/40-off-coupons/leaffilter-gutter-protection","https://www.leaffilter.com/",54,23,4,"leaf filter 40 off promo code","2022-07-19","2026-07-05"
493,"🏆🏆Boost your Google rankings with Premium PBN & Link Building🏆🏆","https://www.southfwb.com/all/1185/5.html","https://www.leaffilter.com/promo/get-leaffilter-tv/",54,23,9,"high quality dofollow backlinks da 50 pa 40 premium pbn network service getthemuckout.com rank first page google fast seo link building buy backlinks online cheap","2026-08-24","2026-08-29"
494,"🏆🏆Boost your Google rankings with Premium PBN & Link Building🏆🏆","https://gladeflowers.com/all/1118/9.html","https://www.leaffilter.com/promo/get-leaffilter-tv/",54,22,11,"high quality dofollow backlinks da 50 pa 40 premium pbn network service freegutterinspect.com rank first page google fast seo link building buy backlinks online cheap","2026-08-16","2026-08-16"
495,"How Rainwater Can Damage Siding, Paint, and Trim - Punsvibe.com","https://punsvibe.com/how-rainwater-can-damage-siding-paint-and-trim/","https://www.leaffilter.com/locations/north-carolina/wilmington/",54,21,18,"gutter install in wilmington","2026-08-12","2026-08-15"
496,"Keeping Your Home Leak Free | North of Bleu","https://northofbleu.com/keeping-your-home-leak-free/","https://www.leaffilter.com/locations/tennessee/nashville/gutter-guards/",54,21,3,"gutter guards","2025-05-17","2026-07-07"
497,"🏆🏆Boost your Google rankings with Premium PBN & Link Building🏆🏆","https://kkinsider.com/all/1265/16.html","https://www.leaffilter.com/",54,21,8,"high quality dofollow backlinks da 50 pa 40 premium pbn network service gutterprotectionperfection.com rank first page google fast seo link building buy backlinks online cheap","2026-08-15","2026-08-15"
498,"🏆🏆Boost your Google rankings with Premium PBN & Link Building🏆🏆","https://casinooftheking.com/all/1118/9.html","https://www.leaffilter.com/promo/get-leaffilter-tv/",54,20,14,"high quality dofollow backlinks da 50 pa 40 premium pbn network service freegutterinspect.com rank first page google fast seo link building buy backlinks online cheap","2026-08-19","2026-08-19"
499,"Plumbing & Sanitation: The Backbone of a Healthy Home – SEO HUB DIRECTORY","https://seohubdirectory.com/plumbing-sanitation-the-backbone-of-a-healthy-home/","https://www.www.leaffilter.com/",54,20,3,"leaffilter","2025-10-28","2026-08-12"
500,"🏆🏆Boost your Google rankings with Premium PBN & Link Building🏆🏆","https://firstguestpost.com/all/1265/15.html","https://www.leaffilter.com/",54,20,2,"high quality dofollow backlinks da 50 pa 40 premium pbn network service gutterguardsbuyersguide.com rank first page google fast seo link building buy backlinks online cheap","2026-08-15","2026-08-18"
