No,Source Page Title,Source URL,Target URL,Domain Authority,Page Authority,Spam Score,Anchor Text,First Seen,Last Seen
1,"How to Keep the Gutters Clear of Ice and Leaves | Wirecutter","https://www.nytimes.com/wirecutter/blog/keep-gutters-clear/","https://www.leafguard.com/",95,57,1,"leafguard","2022-08-22","2026-08-28"
2,"-","https://goo.gl/hLpKCr","https://www.leafguard.com/reviews-testimonials",95,57,1,"-","2025-05-22","2026-08-20"
3,"Starling Gutters Blog","https://feeds.feedburner.com/StarlingGuttersBlog","https://www.leafguard.com/",95,48,50,"leafguard","2017-07-12","2018-06-26"
4,"-","https://bit.ly/2oN8XjX","https://www.leafguard.com/locations/oklahoma",94,54,"-","-","2021-11-14","2026-07-25"
5,"-","https://www.usatoday.com/money/homefront/local-pros/gutter-installation-griffin-ga/","https://www.leafguard.com/locations/northern-georgia",94,46,1,"www.leafguard.com/locations/northern-...","2024-08-23","2024-08-23"
6,"
    Got gutter clutter? We've found the best gutter guards of 2023 - CBS News","https://www.cbsnews.com/news/best-gutter-guards-of-2023/","https://www.leafguard.com/warranty",93,53,3,"lifetime warranty","2023-09-16","2026-06-22"
7,"-","https://lifehacker.com/prevent-leaves-from-clogging-your-gutters-with-these-qu-1658709748","https://www.leafguard.com/",92,46,1,"all in one gutter replacement","2016-09-22","2024-07-03"
8,"Englert Leaf Guard - Chicago Tribune","https://mylocal.chicagotribune.com/denver-or/englert-leaf-guard-503-427-1015","https://www.leafguard.com/",92,43,2,"http://www.leafguard.com/","2020-05-17","2025-01-09"
9,"WEB DIRECTORY","https://isonade.pages.dev/07/WlFpziIrJt","https://pages.leafguard.com/LeafGuardOffers.html",92,42,"-","guttercentralillinois.com","2024-03-20","2026-07-04"
10,"Lou Manfredini’s simple fall fix-ups","https://www.today.com/home/lou-manfredini-s-simple-fall-fix-ups-wbna33411918","https://www.leafguard.com/",92,41,1,"leaf guard","2017-06-18","2026-05-20"
11,"LeafGuard Holdings, Inc | BBB Business Profile | Better Business Bureau","https://www.bbb.org/us/nj/e-brunswick/profile/gutter-guards/leafguard-holdings-inc-0221-90158382","https://www.leafguard.com/",91,56,5,"visit website","2025-12-24","2026-07-06"
12,"LeafGuard - Crunchbase Company Profile & Funding","https://www.crunchbase.com/organization/leafguard","https://www.leafguard.com/",91,48,1,"www.leafguard.com/","2024-11-26","2026-06-19"
13,"fluid dynamics - What explains the effect of water's path falling around a ball/curve? - Physics Stack Exchange","https://physics.stackexchange.com/questions/77509/what-explains-the-effect-of-waters-path-falling-around-a-ball-curve","https://www.leafguard.com/how-it-works",91,44,9,"gutters","2024-06-03","2026-08-02"
14,"LeafGuard Chicago, LLC - Burr Ridge, IL 60527 - Business Listings Directory powered by Homestead Technologies","https://listings.homestead.com/info-leafguard-chicago-llc-burr-ridge-il-1","https://pages.leafguard.com/LeafGuardOffers.html",91,44,5,"http://www.gutterschicago.com","2023-05-02","2026-08-06"
15,"Oct 21 | Inaugural Schaumburg Halloween Carnival Kicks Off October 21 | Palatine, IL Patch","https://patch.com/illinois/palatine/calendar/event/20221021/1968943/inaugural-schaumburg-halloween-carnival-kicks-off-october-21","https://www.leafguard.com/",91,42,1,"leaf guard","2022-10-26","2022-10-26"
16,"-","https://www.prweb.com/releases/leafguard_by_beldon_home_solutions_acquires_leafguard_of_st_louis/prweb11572274.htm","https://pages.leafguard.com/LeafGuardOffers.html",91,42,6,"leafguard by beldon home solutions","2024-07-27","2026-08-02"
17,"Leafguard Gutter Systems, 773 Westland Drive, Lexington, KY - Groupon","https://www.groupon.com/biz/lexington/englert-leafguard-gutter-systems","https://www.leafguard.com/",91,41,1,"-","2018-02-22","2025-12-06"
18,"Vendors | Blandy Experimental Farm","https://www.blandy.virginia.edu/vendors","https://www.leafguard.com/",91,41,1,"leafguard","2026-07-11","2026-07-11"
19,"-","https://www.goodhousekeeping.com/home/renovation/a34096524/7-ways-to-prevent-water-damage-at-home/","https://www.leafguard.com/",90,53,1,"leafguard logo","2020-10-14","2023-04-21"
20,"Working at LeafGuard | Glassdoor","https://www.glassdoor.com/Overview/Working-at-LeafGuard-EI_IE1293742.11,20.htm","https://www.leafguard.com/",90,50,1,"view site","2024-11-20","2026-08-30"
21,"Grove Area Chamber of Commerce Weekly Update","https://myemail.constantcontact.com/Grove-Area-Chamber-of-Commerce-Weekly-Update.html?soid=1103157500132&aid=kOCtZ3hqEfE","https://www.leafguard.com/",90,43,1,"www.leafguard.com","2025-12-23","2026-06-28"
22,"-","https://businessfinder.nj.com/3145859/Central-Jersey-Leaf-Guard-East-Brunswick-NJ","https://www.leafguard.com/",90,41,1,"leafguard.com","2017-07-21","2020-02-16"
23,"Helpology™ - World's Most Helpful Brand™","https://helpologyorg.yourwebsitespace.com/","https://www.leafguard.com/",90,40,16,"leafguard","2023-06-19","2026-06-25"
24,"-","https://jobs.miamiherald.com/company/leafguard-197734","https://www.leafguard.com/careers",90,40,3,"https://www.leafguard.com/careers","2021-10-21","2024-02-08"
25,"Average Cost Of Leafguard Gutters Per Foot","https://atapbadamcokelat.web.app/gallery/average-cost-of-leafguard-gutters-per-foot.html","https://www.leafguard.com/sites/default/files/main-banner/mobile/images/Ourstory-banner_mobile.jpg.jpg",90,38,"-","beldon leafguard gutters cost","2021-03-24","2021-07-07"
26,"What is the cost of 'gutter helmet' and the like? | Houzz Forum","https://www.houzz.com/discussions/2598911/what-is-the-cost-of-gutter-helmet-and-the-like","https://www.leafguard.com/",89,48,1,"www.leafguard.com","2026-05-08","2026-05-08"
27,"-","https://www.oregonlive.com/hg/2016/01/washington_park_house_remodel.html","https://www.leafguard.com/",89,40,1,"leafguard gutters","2021-12-12","2026-02-08"
28,"-","https://local.yahoo.com/info-13458083-leafguard-of-the-low-country-summerville","https://www.leafguard.com/",89,37,2,"website","2021-08-29","2023-04-11"
29,"-","https://pubs.aarp.org/aarptm/20100910_PR/LinkContent.action?lm=1372691613000","https://pages.leafguard.com/LeafGuardOffers.html",88,40,1,"http://800gutters.com","2024-07-25","2026-07-08"
30,"Now’s the time to check your home’s gutters | king5.com","https://www.king5.com/article/sponsor-story/check-homes-water-management-system-before-fall/281-2a8bf827-ed99-4fd2-8fcb-a925772424b4","https://www.leafguard.com/",88,39,4,"leafguard","2023-09-03","2026-08-10"
31,"-","https://jobs.charlotteobserver.com/company/leafguard-197734","https://www.leafguard.com/careers",87,38,1,"https://www.leafguard.com/careers","2021-12-04","2023-11-26"
32,"-","https://ask.metafilter.com/187625/Will-a-metal-roof-affect-my-gutters","https://www.leafguard.com/",87,36,1,"leafguard","2017-09-03","2026-06-25"
33,"LEAFGUARD BY BELDON, INC. Reviews/Feedback. LEAFGUARD BY BELDON, INC. Testimonials. Is LEAFGUARD BY BELDON, INC. legit?","https://trustburn.com/reviews/leafguard-by-beldon-inc","https://pages.leafguard.com/LeafGuardOffers.html",87,31,9,">leafguardgutters.com","2026-02-17","2026-07-04"
34,"-","https://jobs.kansascity.com/company/leafguard-197734","https://www.leafguard.com/careers",86,39,3,"https://www.leafguard.com/careers","2021-11-19","2024-02-13"
35,"Englert Leaf Guard - MassLive","https://shopping.masslive.com/denver-or/englert-leaf-guard-503-427-1015","https://www.leafguard.com/",86,38,1,"http://www.leafguard.com/","2022-10-21","2024-09-23"
36,"Best 30 Roofing Contractors in Eagle, WI  | The Real Yellow Pages®","https://www.yellowpages.com/eagle-wi/roofing-contractors","https://pages.leafguard.com/LeafGuardOffers.html",85,46,2,"website","2025-01-25","2026-09-01"
37,"-","https://us9.campaign-archive.com/?u=29548482887d5cb273d9ff5b2&id=70edc7ad65","https://www.leafguard.com/",85,40,6,"-","2022-09-24","2023-04-27"
38,"Matthew Flath- LeafGuard 5.31.16 | wkyc.com","https://www.wkyc.com/article/entertainment/television/lakeside-today/matthew-flath-leafguard-53116/95-224771504","https://pages.leafguard.com/LeafGuardOffers.html",85,36,4,"www.800gutters.com","2024-07-22","2026-08-31"
39,"-","https://jobs.courant.com/company/leafguard-197734","https://www.leafguard.com/careers",84,38,1,"https://www.leafguard.com/careers","2022-03-25","2024-03-22"
40,"-","https://boards.greenhouse.io/embed/job_app?for=leafguard&token=4489172003&b=https%3A%2F%2Fwww.leafguard.com%2Fcareers&source=njcom-recruitology","https://www.leafguard.com/careers",84,36,2,"view all jobs","2022-04-27","2022-04-27"
41,"-","https://jobs.newsobserver.com/company/leafguard-197734","https://www.leafguard.com/careers",83,38,1,"https://www.leafguard.com/careers","2022-01-09","2024-05-01"
42,"Unclog your gutter for good | FOX31 Denver","https://kdvr.com/on-air/colorados-best/unclog-your-gutter-for-good/","https://pages.leafguard.com/LeafGuardOffers.html",83,37,1,"leafguard","2024-07-25","2026-07-14"
43,"-","https://jobs.triblive.com/company/leafguard-197734","https://www.leafguard.com/careers",83,37,1,"https://www.leafguard.com/careers","2021-12-18","2024-06-01"
44,"LeafGuard of Seattle | Kent, WA 98032 - Angi","https://match.angi.com/rated.LeafGuardofSeattle.6576434.html","https://www.leafguard.com/",83,37,2,">www.leafguard.com","2024-02-03","2025-04-09"
45,"-","https://jobs.mcall.com/company/leafguard-197734","https://www.leafguard.com/careers",83,37,1,"https://www.leafguard.com/careers","2021-12-27","2024-04-13"
46,"-","https://jobs.adn.com/company/leafguard-197734","https://www.leafguard.com/careers",83,37,1,"https://www.leafguard.com/careers","2021-10-13","2024-06-10"
47,"Leafguard of Tennessee | Chattanooga Times Free Press","https://www.timesfreepress.com/news/2010/may/10/leafguard-tennessee/","https://www.leafguard.com/",82,37,14,"http://www.leafguard.com/","2022-10-20","2026-06-12"
48,"No-Clog Guarantee, LeafGuard of Lake Erie, Erie, PA","https://shopping.buffalonews.com/places/view/36230/leaf_guard_of_lake_erie.html","https://www.leafguard.com/locations/erie",82,37,1,"leafguard.com/locations/erie","2023-04-14","2023-04-14"
49,"Leafguard – Jobs – Career & Professional Development | University of Denver","https://career.du.edu/companies/leafguard/jobs/","https://quote.leafguard.com/",81,36,1,"visit website","2022-05-01","2026-06-07"
50,"Starling Guttering Inc - The Virginian-Pilot","https://admin.local.pilotonline.com/williamsburg-va/starling-guttering-inc-757-220-9900","https://www.leafguard.com/locations/starling-gutter-company",81,36,1,"https://www.leafguard.com/locations/starling-gutter-company","2021-12-08","2025-01-05"
51,"The Woodworking Shows | New Jersey","https://twws-responsive.businesscatalyst.com/new-jersey.html","https://pages.leafguard.com/LeafGuardOffers.html",81,34,46,"-","2024-07-27","2026-08-02"
52,"-","https://www.zoominfo.com/people/Todd/Moseley","https://www.leafguard.com/",80,37,2,"www.leafguard.com","2020-02-27","2020-02-27"
53,"-","https://jobs.theadvocate.com/company/leafguard-197734","https://www.leafguard.com/careers",80,36,1,"https://www.leafguard.com/careers","2022-01-09","2024-04-25"
54,"Gulf Coast Home and Outdoor Expo | Meet the Exhibitors","https://www.wkrg.com/gulf-coast-home-and-outdoor-expo/exhibitor-list/","https://www.leafguard.com/",80,34,2,"leafguard","2025-06-02","2026-06-09"
55,"How to Clean Gutters: 5 Effective Ways to Get the Job Done","https://www.bobvila.com/articles/how-to-clean-gutters/","https://www.leafguard.com/",79,60,2,"leafguard","2021-10-03","2026-07-07"
56,"-","https://www.folkd.com/tag/gutters+atlanta+rain+gutters+atlanta+gutter+guards","https://pages.leafguard.com/LeafGuardOffers.html",79,39,1,"water damage in your home in atlanta stopped up rain gutters can be to condemn","2023-04-05","2026-07-03"
57,"-","https://pro.porch.com/granger-ia/general-contractors/leafguard-exteriors/pp","https://www.leafguard.com/",79,37,1,"http://www.leafguard.com","2024-03-19","2026-05-03"
58,"-","https://jobs.thestate.com/company/leafguard-197734","https://www.leafguard.com/careers",79,36,4,"https://www.leafguard.com/careers","2021-10-11","2024-02-19"
59,"LeafGuard gutter system comes to New Mexico","https://www.krqe.com/new-mexico-living/leafguard-gutter-systems-eliminate-the-need-for-gutter-cleaning/","https://www.leafguard.com/",79,35,1,"leafguard’s","2024-04-21","2026-04-26"
60,"-","https://www.ispot.tv/ad/nRYG/leafguard-99-install-sale-ladder-accidents","https://pages.leafguard.com/LeafGuardOffers.html",78,38,1,"http://www.leafguardoffer.com","2023-01-23","2026-08-19"
61,"Top Guidelines Of home improvement","https://raymondbvndv.tinyblogging.com/Top-Guidelines-Of-home-improvement-7460400","https://pages.leafguard.com/LeafGuardOffers.html",78,38,23,"more info","2023-04-28","2026-07-13"
62,"Map and Directions to LeafGuard of Pittsburgh in Pittsburgh, PA 15205","https://www.merchantcircle.com/leafguard-of-pittsburgh-pittsburgh-pa","https://pages.leafguard.com/LeafGuardOffers.html",78,38,2,"www.leafguardofpittsburgh.com","2023-02-05","2026-07-03"
63,"A Simple Key For home improvement Unveiled","https://st-louis-gutter-cleaning70135.thezenweb.com/A-Simple-Key-For-home-improvement-Unveiled-9343309","https://pages.leafguard.com/LeafGuardOffers.html",78,38,14,"read more","2023-04-28","2026-07-13"
64,"-","https://jobs.richmond.com/company/leafguard-197734","https://www.leafguard.com/careers",78,35,2,"https://www.leafguard.com/careers","2021-10-19","2024-02-16"
65,"-","https://kk.org/cooltools/guttershutter/","https://www.leafguard.com/",78,35,12,"leaf guard","2016-09-22","2017-05-13"
66,"Top 10 Sites about Gutter Guards | Xmarks","https://www.xmarks.com/topic/gutter_guards","https://www.leafguard.com/",78,34,79,"-","2017-12-04","2018-03-18"
67,"Fall cleanup is easy with Leafguard | wzzm13.com","https://www.wzzm13.com/article/money/consumer/flex-up/fall-cleanup-is-easy-with-leafguard/69-b1469723-6460-4051-b09b-8ec4f49e9de6","https://www.leafguard.com/",78,34,4,"www.leafguard.com","2020-01-27","2026-07-10"
68,"-","https://jobs.ledger-enquirer.com/company/leafguard-197734","https://www.leafguard.com/careers",78,33,2,"https://www.leafguard.com/careers","2021-10-17","2024-01-18"
69,"
            
    LeafGuard Gutter Installer
    in Salt Lake City, UT
    | Shaw Media Jobs

        ","https://jobs.shawlocal.com/company/leafguard-197734/job/gutter-installer-in-salt-lake-city-ut-t8aw0a2o4ae6tl4njhhy8vdfd028c7/","https://www.leafguard.com/careers",78,31,4,"https://www.leafguard.com/careers","2022-01-01","2022-01-01"
70,"Rumored Buzz on home improvement","https://gutter-cleaning-st-louis82467.onesmablog.com/Rumored-Buzz-on-home-improvement-9174736","https://pages.leafguard.com/LeafGuardOffers.html",77,40,14,"clean gutters st louis","2023-04-28","2026-07-13"
71,"The best Side of home improvement","https://clean-gutters-st-louis02345.pointblog.net/The-best-Side-of-home-improvement-8538512","https://pages.leafguard.com/LeafGuardOffers.html",77,39,25,"here","2023-04-28","2026-07-13"
72,"-","https://jobs.fresnobee.com/company/leafguard-197734","https://www.leafguard.com/careers",77,36,2,"https://www.leafguard.com/careers","2021-12-11","2024-06-05"
73,"Starling Guttering Inc - Daily Press","https://admin.mylocal.dailypress.com/williamsburg-va/starling-guttering-inc-757-220-9900","https://www.leafguard.com/locations/starling-gutter-company",77,35,2,"https://www.leafguard.com/locations/starling-gutter-company","2023-06-12","2026-08-24"
74,"-","https://milled.com/groupon-gr/pamper-yourself-before-the-holidays-W7IDBBqHF2pw4dLZ","https://quote.leafguard.com/display/",77,35,13,"-","2022-11-02","2023-05-11"
75,"-","https://jobs.roanoke.com/company/leafguard-197734","https://www.leafguard.com/careers",77,35,1,"https://www.leafguard.com/careers","2021-10-16","2024-05-09"
76,"
			
				
					Roof Cleaning listings in Belton,SC
				
				
				
				
				
			
		 - Greenville, SC Local Businesses","https://local.wyff4.com/en-US/s/SC-Belton/Roof-Cleaning","https://www.leafguard.com/",77,34,3,"website","2019-12-19","2020-06-30"
77,"
			
				
					Roof Cleaning listings in Greenville,SC
				
				
				
				
				
			
		 - Greensboro, NC Local Businesses","https://local.wxii12.com/en-US/s/SC-Greenville/Roof-Cleaning","https://www.leafguard.com/",77,33,3,"website","2020-01-03","2020-09-04"
78,"Google Answers: locating abusiness","https://answers.google.com/answers/threadview/id/240727.html","https://www.leafguard.com/ECoupons.aspx",77,32,24,"http://www.leafguard.com/ecoupons.aspx#","2018-04-26","2026-07-27"
79,"Leafguard Review 2026: Cost and Customer Experiences","https://www.thisoldhouse.com/gutters/leafguard-review","https://www.leafguard.com/warranty",76,45,1,"warranty terms and conditions","2024-11-11","2026-06-30"
80,"
It's Derby Days Week!

","https://content.govdelivery.com/accounts/WAREDMOND/bulletins/3a7996d","https://www.leafguard.com/",76,40,1,"leafguard","2024-08-14","2026-07-03"
81,"How home improvement can Save You Time, Stress, and Money.","https://jaidenhariz.blog5.net/6564171/how-home-improvement-can-save-you-time-stress-and-money","https://pages.leafguard.com/LeafGuardOffers.html",76,36,28,"more info","2023-04-28","2026-07-13"
82,"-","https://guttercleaningstlouismo35688.blog2learn.com/6515979/the-best-side-of-home-improvement","https://pages.leafguard.com/LeafGuardOffers.html",76,36,28,"clean gutters st louis","2023-04-28","2026-07-13"
83,"LeafGuard of Lake Erie","https://www.wkbw.com/am-buffalo/leafguard-of-lake-erie-how-they-work","https://www.leafguard.com/",76,34,5,"www.leafguard.com","2017-07-23","2026-06-26"
84,"-","https://jobs.greensboro.com/company/leafguard-197734","https://www.leafguard.com/careers",76,33,1,"https://www.leafguard.com/careers","2021-10-11","2024-03-26"
85,"-","https://jobs.theeagle.com/company/leafguard-197734","https://www.leafguard.com/careers",76,32,1,"https://www.leafguard.com/careers","2021-10-15","2024-05-14"
86,"-","https://hawaiijobs.staradvertiser.com/company/leafguard-197734","https://www.leafguard.com/careers",75,36,1,"https://www.leafguard.com/careers","2022-01-27","2023-10-30"
87,"-","https://cristianoiari.fitnell.com/6374920/fascination-about-home-improvement","https://pages.leafguard.com/LeafGuardOffers.html",75,36,14,"website","2023-04-28","2026-07-13"
88,"Helping The others Realize The Advantages Of home improvement","https://augustnhari.fireblogz.com/433517/helping-the-others-realize-the-advantages-of-home-improvement","https://pages.leafguard.com/LeafGuardOffers.html",75,35,13,"check here","2023-04-28","2026-07-13"
89,"-","https://jobspot.nbc-2.com/company/leafguard-197734","https://www.leafguard.com/careers",75,34,12,"https://www.leafguard.com/careers","2021-11-07","2024-05-29"
90,"An Unbiased View of Gutter Cleaning St Louis","https://edgardcvrk.getblogs.net/23718033/an-unbiased-view-of-gutter-cleaning-st-louis","https://pages.leafguard.com/LeafGuardOffers.html",75,34,47,"website","2023-04-28","2026-07-13"
91,"5 Essential Elements For Gutter Cleaning St Louis","https://gutter-cleaners-syracuse50716.dsiblogger.com/23968098/5-essential-elements-for-gutter-cleaning-st-louis","https://pages.leafguard.com/LeafGuardOffers.html",75,34,36,"click here","2023-04-28","2026-07-13"
92,"The 2-Minute Rule for Gutter Cleaning St Louis","https://gutter-cleaning-charlotte39260.jaiblogs.com/19108798/the-2-minute-rule-for-gutter-cleaning-st-louis","https://pages.leafguard.com/LeafGuardOffers.html",75,34,43,"more info","2023-04-28","2026-07-13"
93,"-","https://jobs.islandpacket.com/company/leafguard-197734","https://www.leafguard.com/careers",75,33,3,"https://www.leafguard.com/careers","2021-12-12","2024-02-01"
94,"Gutter Helmet vs LeafGuard Pros and Cons @ PissedConsumer Help Center","https://help-center.pissedconsumer.com/protecting-your-gutters-gutter-helmet-vs-leafguard/","https://www.leafguard.com/frequently-asked-questions",74,44,28,"leafguard faq","2019-09-24","2026-08-19"
95,"Local Gutter Cleaning Fundamentals Explained","https://gutter-cleaning-st-louis70123.ampblogs.com/Local-Gutter-Cleaning-Fundamentals-Explained-10172140","https://pages.leafguard.com/LeafGuardOffers.html",74,38,28,"here","2023-04-28","2026-07-13"
96,"LeafGuard’s Competitors, Revenue, Number of Employees, Funding, Acquisitions & News - Owler Company Profile","https://www.owler.com/company/leafguard","https://www.leafguard.com/",74,38,1,"https://www.leafguard.com/","2023-12-25","2026-06-30"
97,"The smart Trick of home improvement That No One is Discussing","https://milocvmev.blogofoto.com/481605/the-smart-trick-of-home-improvement-that-no-one-is-discussing","https://pages.leafguard.com/LeafGuardOffers.html",74,35,13,"read more","2023-04-28","2026-07-13"
98,"A Secret Weapon For home improvement","https://stephenkcukb.bluxeblog.com/495177/a-secret-weapon-for-home-improvement","https://pages.leafguard.com/LeafGuardOffers.html",74,35,13,"gutter cleaning st louis mo","2023-04-28","2026-07-13"
99,"Gutter Cleaning St Louis No Further a Mystery","https://guttercleaninglittlerocka50617.designertoblog.com/23499237/gutter-cleaning-st-louis-no-further-a-mystery","https://pages.leafguard.com/LeafGuardOffers.html",74,35,12,"more info","2023-04-28","2026-07-13"
100,"Gutter Cleaning St Louis - An Overview","https://erickmfvkx.acidblog.net/23861805/gutter-cleaning-st-louis-an-overview","https://pages.leafguard.com/LeafGuardOffers.html",74,35,17,"read more","2023-04-28","2026-07-13"
101,"5 Tips about home improvement You Can Use Today","https://guttercleaningstlouismiss68013.blogs-service.com/482197/5-tips-about-home-improvement-you-can-use-today","https://pages.leafguard.com/LeafGuardOffers.html",74,35,8,"check here","2023-04-28","2026-07-13"
102,"The LeafGuard Gutter System","https://www.tmj4.com/shows/the-morning-blend/the-leafguard-gutter-system","https://quote.leafguard.com/?t=search&gad_source=1&gclid=CjwKCAjwh4-wBhB3EiwAeJsppD9y_IZl92FpcgPFcBG8JhjFQBCSGDh8WxG2f8G4zBWcvCW0tACBpxoCZ7oQAvD_BwE",74,34,7,"quote.leafguard.com/locations/milwaukee","2024-06-29","2026-07-07"
103,"-","https://local.lmtonline.com/b22348385/LeafGuard","https://www.leafguard.com/",74,32,1,"www.leafguard.com","2021-08-13","2021-08-13"
104,"-","https://topwebdirectoy.com/most-visited-site-379/","https://www.leafguard.com/",73,45,7,"leafguard.com","2023-05-18","2026-07-08"
105,"Best 30 Gutter Cleaning in Seahurst, WA | superpages.com","https://www.superpages.com/seahurst-wa/gutters-downspouts-cleaning","https://www.leafguard.com/locations/seattle",73,43,3,"visit website","2025-11-22","2026-03-05"
106,"Best Gutter Installation Companies","https://www.homedit.com/gutters/installation-companies/","https://www.leafguard.com/",73,42,1,"leafguard","2022-10-20","2026-06-29"
107,"-","https://jobs.idahostatesman.com/company/leafguard-197734","https://www.leafguard.com/careers",73,36,2,"https://www.leafguard.com/careers","2021-10-22","2024-01-25"
108,"-","https://jobs.sunherald.com/company/leafguard-197734","https://www.leafguard.com/careers",73,35,1,"https://www.leafguard.com/careers","2021-10-26","2024-03-01"
109,"-","https://behired.wdrb.com/company/leafguard-197734","https://www.leafguard.com/careers",73,34,2,"https://www.leafguard.com/careers","2021-10-20","2024-05-28"
110,"Englert LeafGuard Rain Gutters in Portland, OR - (541) 378-6942 Services - Residential Contractors","https://local.portlandmetro.pamplinmedia.com/portland-or/services/residential-contractors/englert-leafguard-rain-gutters-541-378-6942","https://pages.leafguard.com/LeafGuardOffers.html",73,32,6,"website","2024-07-27","2026-08-02"
111,"Leaf Guard Logo PNG Vector (EPS) Free Download","https://seeklogo.com/vector-logo/82903/leaf-guard","https://www.leafguard.com/",72,39,12,"leafguard.com","2017-05-05","2026-07-25"
112,"-","https://activerain.com/blogsview/2427182/is-this-the-latest-in-natural-hydroponic-gardening-","https://www.leafguard.com/",72,37,1,"leafguard","2018-02-06","2023-11-16"
113,"-","https://content.yudu.com/A1zilk/MetalArchitNov2012/resources/20.htm","https://www.leafguard.com/",72,36,43,"www.leafguard.com","2018-01-14","2021-08-23"
114,"-","https://jobs.centredaily.com/company/leafguard-197734","https://www.leafguard.com/careers",72,34,1,"https://www.leafguard.com/careers","2021-10-28","2024-04-03"
115,"-","https://mylocal.capitalgazette.com/crofton-md/leafguard-410-864-4727","https://pages.leafguard.com/LeafGuardOffers.html",72,33,1,"http://www.leafguardgutters.com/","2024-07-27","2026-08-02"
116,"Leaf Guard Gutters St Cloud - zzz DEFUNCT St. Cloud Times (MN)","https://admin.local.sctimes.com/st%20cloud-mn/leaf-guard-gutters-st-cloud-605-273-5790","https://www.leafguard.com/",72,33,1,"http://www.leafguard.com/","2023-06-19","2024-01-03"
117,"Everything about home improvement","https://felixsjapd.bloguetechno.com/Everything-about-home-improvement-7427098","https://pages.leafguard.com/LeafGuardOffers.html",71,39,15,"st louis gutter cleaning","2023-04-28","2026-07-13"
118,"Top home improvement Secrets","https://stlouisguttercleaning03568.blogocial.com/Top-home-improvement-Secrets-8756320","https://pages.leafguard.com/LeafGuardOffers.html",71,39,16,"website","2023-04-28","2026-07-13"
119,"-","https://www.doityourself.com/forum/roofing-gutters-all-waterproofing-anywhere/564763-water-misses-gutter.html","https://www.leafguard.com/",71,36,2,"https://www.leafguard.com/","2019-11-22","2019-11-22"
120,"
            
    LeafGuard Sales Representative - Albany NY
    in Albany, NY
    | The Olympian

        ","https://jobs.theolympian.com/company/leafguard-197734/job/sales-representative-albany-ny-in-albany-ny-tlnpwgrqe3u9h2zfpye2g5cummilfa/","https://www.leafguard.com/careers",71,34,2,"https://www.leafguard.com/careers","2022-01-24","2022-01-24"
121,"-","https://jobs.heraldonline.com/company/leafguard-197734","https://www.leafguard.com/careers",71,34,1,"https://www.leafguard.com/careers","2021-12-25","2024-06-17"
122,"LeafGuard, Greer, SC 29650-4805 | - Yellowbook","https://www.yellowbook.com/profile/leafguard_1881568924.html","https://www.leafguard.com/",70,36,5,"www.leafguard.com","2022-08-22","2022-08-22"
123,"-","https://edwinouxzb.newbigblog.com/1031718/5-simple-techniques-for-gutter-cleaning-st-louis","https://pages.leafguard.com/LeafGuardOffers.html",70,34,18,"read more","2023-04-28","2026-07-13"
124,"-","https://jobs.bozemandailychronicle.com/company/leafguard-197734","https://www.leafguard.com/careers",70,33,1,"https://www.leafguard.com/careers","2021-10-11","2024-05-08"
125,"-","https://jobs.idahopress.com/company/leafguard-197734","https://www.leafguard.com/careers",70,32,1,"https://www.leafguard.com/careers","2021-11-17","2024-06-22"
126,"The Old Reader","https://theoldreader.com/profile/roland?page=562","https://www.leafguard.com/",70,31,19,"leafguard","2026-03-21","2026-07-10"
127,"-","https://jobs.news8000.com/company/leafguard-197734","https://www.leafguard.com/careers",70,31,7,"https://www.leafguard.com/careers","2021-12-27","2024-03-22"
128,"-","https://topdomadirectory.com/most-visited-site-379/","https://www.leafguard.com/",69,45,7,"leafguard.com","2023-05-17","2026-07-08"
129,"-","https://webjunctiondirectory.com/most-visited-site-379/","https://www.leafguard.com/",69,45,6,"leafguard.com","2023-05-18","2026-07-08"
130,"-","https://topmillionwebdirectory.com/most-visited-site-379/","https://www.leafguard.com/",69,45,6,"leafguard.com","2023-05-19","2026-07-08"
131,"-","https://websitehubdirectory.com/most-visited-site-379/","https://www.leafguard.com/",69,41,7,"leafguard.com","2023-05-25","2026-07-08"
132,"-","https://rakily.com/website-list-1858/","https://www.leafguard.com/",69,40,10,"leafguard","2022-11-03","2026-07-08"
133,"-","https://webrankdirectory.com/most-visited-site-379/","https://www.leafguard.com/",69,39,7,"leafguard.com","2023-05-17","2026-07-08"
134,"-","https://clicktoselldirectoy.com/website-list-1858/","https://www.leafguard.com/",69,37,4,"leafguard","2022-09-22","2026-07-08"
135,"-","https://classifieddirectoy.com/website-list-1858/","https://www.leafguard.com/",69,36,11,"leafguard","2022-09-10","2026-07-08"
136,"-","https://99sitedirectory.com/website-list-1858/","https://www.leafguard.com/",69,36,11,"leafguard","2022-09-20","2026-07-08"
137,"-","https://seohelperdirectory.com/website-list-1858/","https://www.leafguard.com/",69,36,11,"leafguard","2022-09-19","2026-07-08"
138,"-","https://www.woorank.com/en/www/leafguardofnashville.com","https://pages.leafguard.com/LeafGuardOffers.html",69,34,3,"http://www.leafguardofnashville.com/","2023-02-04","2026-08-09"
139,"-","https://idyler.com/website-list-1826/","https://www.leafguard.com/",69,33,9,"leafguard","2024-12-05","2026-07-08"
140,"-","https://yercum.com/website-list-1826/","https://www.leafguard.com/",69,33,9,"leafguard","2024-06-02","2026-07-08"
141,"An Unbiased View of Gutter Cleaning St Louis","https://cleanproguttercleaningbir28260.bligblogging.com/602695/an-unbiased-view-of-gutter-cleaning-st-louis","https://pages.leafguard.com/LeafGuardOffers.html",69,33,17,"more info","2023-04-28","2026-07-13"
142,"-","https://jobs.afro.com/company/leafguard-197734","https://www.leafguard.com/careers",69,32,1,"https://www.leafguard.com/careers","2021-12-05","2024-02-28"
143,"SEO Content Writing for Profit: How to Deal With Search Engine Changes in 2013 – APSOZ","https://apsoz.com/seo-content-writing-for-profit-how-to-deal-with-search-engine-changes-in-2013/","https://www.leafguard.com/",68,49,8,"leafguard","2025-12-26","2026-07-08"
144,"
        10 Best Gutter Installation Companies in Council Bluffs, IA - Today's Homeowner      ","https://todayshomeowner.com/near-me/iowa/council-bluffs/gutters/","https://www.leafguard.com/locations/Nebraska",68,46,1,"leafguard.com","2024-12-10","2026-08-09"
145,"-","https://webhubdirectory.com/most-visited-site-379/","https://www.leafguard.com/",68,45,7,"leafguard.com","2023-05-17","2026-07-08"
146,"-","https://zoacum.com/website-list-1858/","https://www.leafguard.com/",68,41,10,"leafguard","2022-11-13","2026-07-08"
147,"-","https://absmho.com/website-list-1826/","https://www.leafguard.com/",68,39,9,"leafguard","2022-12-18","2026-07-08"
148,"-","https://rankmakerdirectory.com/website-list-1858/","https://www.leafguard.com/",68,37,10,"leafguard","2022-09-19","2026-07-08"
149,"-","https://listodirectory.com/website-list-1858/","https://www.leafguard.com/",68,36,12,"leafguard","2022-09-20","2026-07-08"
150,"Let's talk Gutters!!  Advice and opinions sought - In My Humble Opinion - Straight Dope Message Board","https://boards.straightdope.com/t/lets-talk-gutters-advice-and-opinions-sought/206121","https://www.leafguard.com/FAQ.aspx",68,35,1,"http://www.leafguard.com/faq.aspx","2020-07-21","2026-07-04"
151,"-","https://jobs.macon.com/company/leafguard-197734","https://www.leafguard.com/careers",68,34,1,"https://www.leafguard.com/careers","2021-11-03","2024-04-24"
152,"Tips to choosing the right contractor","https://fox11online.com/living/featured-segments/tips-to-choosing-the-right-contractor","https://www.leafguard.com/",68,34,7,"leafguard gutters roofing","2023-11-14","2026-08-05"
153,"-","https://worldwidetopsite.link/website-list-1826/","https://www.leafguard.com/",68,33,4,"leafguard","2023-01-31","2026-07-08"
154,"-","https://jobs.bellinghamherald.com/company/leafguard-197734","https://www.leafguard.com/careers",68,33,1,"https://www.leafguard.com/careers","2021-10-17","2024-05-13"
155,"-","https://socialyta.com/website-list-1826/","https://www.leafguard.com/",68,33,13,"leafguard","2025-04-01","2026-07-08"
156,"How Much Does It Cost to Install or Repair Gutters? - LendEDU","https://lendedu.com/blog/cost-to-install-repair-gutters/","https://www.leafguard.com/warranty",68,33,2,"warranty","2026-01-20","2026-08-03"
157,"-","https://jobs.fredericksburg.com/company/leafguard-197734","https://www.leafguard.com/careers",68,33,1,"https://www.leafguard.com/careers","2022-01-04","2024-04-25"
158,"-","https://jobs.myrtlebeachonline.com/company/leafguard-197734","https://www.leafguard.com/careers",68,33,2,"https://www.leafguard.com/careers","2021-10-16","2023-11-21"
159,"Dawn Gambino Found! - See Phones, Email, Addresses, and More","https://www.instantcheckmate.com/people/dawn-gambino/","https://pages.leafguard.com/LeafGuardOffers.html",68,31,2,"http://www.englertgutter.com","2024-10-01","2026-08-06"
160,"How to Let the Easter Bunny In, but Keep Pests Out! | Fixr.com","https://www.fixr.com/articles/how-to-keep-pests-out","https://www.leafguard.com/blog/preventing-mosquito-problems-in-gutters",67,35,16,"mosquitoes","2024-05-16","2026-06-28"
161,"Need help selecting a new AVR | Page 3 | Audioholics Home Theater Forums","https://forums.audioholics.com/forums/threads/need-help-selecting-a-new-avr.136759/page-3","https://quote.leafguard.com/locations/tristate-area?t=searchnb&utm_id=20709374063&gclid=CjwKCAjwxrLHBhA2EiwAu9EdMwTrKdu670Shvc7W0xc88CjCI7q52riEq7roXzMNWyKUGUVlxB-f8RoCXI8QAvD_BwE&gad_source=1&gad_campaignid=20709374063&gbraid=0AAAAADtMgsPCmSf5j6F0-RfgzNBssUxxZ",67,34,1,"leafguard gutters in tri state special offers leafguard","2025-10-21","2026-08-06"
162,"-","https://yoo.rs/leafguard-gutter-review","https://www.leafguard.com/",67,34,1,"leafguard","2025-10-06","2025-10-10"
163,"Leafguard Review 2026: Is the Seamless System Worth It?","https://modernize.com/gutters/best-gutter-brands/leafguard","https://www.leafguard.com/warranty",67,34,1,"the warranty language states directly","2026-07-14","2026-07-14"
164,"-","https://jobs.tri-cityherald.com/company/leafguard-197734","https://www.leafguard.com/careers",67,33,2,"https://www.leafguard.com/careers","2022-01-06","2024-04-24"
165,"-","https://jobs.news-herald.com/company/leafguard-197734","https://www.leafguard.com/careers",67,33,1,"https://www.leafguard.com/careers","2022-01-03","2023-12-31"
166,"-","https://farleu.com/website-list-1826/","https://www.leafguard.com/",67,33,9,"leafguard","2024-12-04","2026-07-08"
167,"-","https://jobs.kvia.com/company/leafguard-197734","https://www.leafguard.com/careers",67,33,1,"https://www.leafguard.com/careers","2021-12-23","2024-04-03"
168,"-","https://xyloyl.com/website-list-1858/","https://www.leafguard.com/",67,33,9,"leafguard","2024-05-28","2026-07-08"
169,"-","https://careers.heraldmailmedia.com/company/leafguard-197734","https://www.leafguard.com/careers",67,32,1,"https://www.leafguard.com/careers","2022-01-01","2024-05-02"
170,"-","https://jobs.heraldcourier.com/company/leafguard-197734","https://www.leafguard.com/careers",67,31,1,"https://www.leafguard.com/careers","2022-01-06","2024-05-04"
171,"Facebook Ad Formats & When To Use Them | AdRoll","https://www.adroll.com/blog/types-of-facebook-ads","https://www.leafguard.com/",66,42,8,"leaf guard","2023-04-07","2026-07-04"
172,"Our Sponsors | WFMT","https://www.wfmt.com/about-us/our-sponsors/","https://www.leafguard.com/",66,40,4,"leafguard","2016-09-10","2026-07-03"
173,"-","https://webworthdirectory.com/most-visited-site-379/","https://www.leafguard.com/",66,39,7,"leafguard.com","2023-05-25","2026-07-08"
174,"Gutter Guards - Fine Homebuilding","https://www.finehomebuilding.com/forum/gutter-guards-9","https://www.leafguard.com/home800.asp",66,34,1,"http://www.leafguard.com/home800.asp","2019-12-27","2026-01-27"
175,"-","https://jobs.mercedsunstar.com/company/leafguard-197734","https://www.leafguard.com/careers",66,32,1,"https://www.leafguard.com/careers","2021-12-15","2024-06-15"
176,"Leafguard","https://features.wtva.com/business-detail/leafguard","https://www.leafguard.com/",66,31,3,"-","2026-04-09","2026-07-11"
177,"-","https://www.knows.nl/url/englertgutter.com","https://pages.leafguard.com/LeafGuardOffers.html",66,26,8,"englertgutter.com","2023-04-21","2026-07-10"
178,"-","https://wa-redmond-testing.civicplus.com/m/newsflash?cat=11","https://quote.leafguard.com/locations/seattle?t=search&gclid=6b97ea0eec0816e0f90a8d1c4709258b&gclsrc=3p.ds&utm_id=603420679&msclkid=6b97ea0eec0816e0f90a8d1c4709258b",65,35,1,"leafguard of seattle","2026-04-01","2026-04-01"
179,"-","https://jobs.newsadvance.com/company/leafguard-197734","https://www.leafguard.com/careers",65,32,1,"https://www.leafguard.com/careers","2021-10-27","2024-05-26"
180,"
         Saint Joseph, MN leafguard | Find leafguard in Saint Joseph, MN      ","https://planetmchenry.nwherald.com/business/details/saint-joseph-mn/leafguard-129722889/","https://www.leafguard.com/",65,32,1,"view website","2018-02-14","2026-07-08"
181,"-","https://jobs.hjnews.com/company/leafguard-197734","https://www.leafguard.com/careers",65,31,1,"https://www.leafguard.com/careers","2022-01-06","2024-01-09"
182,"-","https://www.tpsearchtool.com/images/are-falling","https://www.leafguard.com/sites/default/files/blog/images/when-do-leaves-start-fall.jpg",65,24,2,"when do leaves start to fall leafguard","2025-01-25","2025-01-25"
183,"-","https://en.wikifur.com/wiki/User:EarthFurst/List_of_mascots","https://www.leafguard.com/our-history/2002",64,39,6,"leafguard our history 2002","2022-12-06","2025-09-22"
184,"-","https://www.theunion.com/news/byers-leaf-guard-gutter-systems/","https://www.leafguard.com/",64,32,8,"http://www.leafguard.com","2018-02-16","2022-07-25"
185,"Leafguard Affiliate Program","https://commerce.sovrn.com/merchants/251964/leafguard-affiliate-program","https://www.leafguard.com/",64,32,"-","leafguard.com","2025-10-19","2026-08-09"
186,"🏆🏆Boost your Google rankings with Premium PBN & Link Building🏆🏆","https://cvillico.com/all/1434/30.html","https://pages.leafguard.com/LeafGuardOffers.html",64,22,7,"high quality dofollow backlinks da 50 pa 40 premium pbn network service incrediblegutters.com rank first page google fast seo link building buy backlinks online cheap","2026-08-31","2026-08-31"
187," Homeowners Urged to Do This Vital Cleaning Job by 1 November | Homes and Gardens","https://www.homesandgardens.com/solved/homeowners-urged-undertake-crucial-gutter-job","https://www.leafguard.com/our-story",63,39,1,"-","2025-10-20","2026-08-07"
188,"-","https://rennlist.com/forums/996-forum/293259-ot-gutter-cover-good-or-bad.html","https://www.leafguard.com/home.asp",63,33,2,"http://www.leafguard.com/home.asp","2020-04-14","2024-01-02"
189,"-","https://jobs.wyomingnews.com/company/leafguard-197734","https://www.leafguard.com/careers",63,32,1,"https://www.leafguard.com/careers","2021-12-29","2024-05-14"
190,"-","https://jobs.localnews8.com/company/leafguard-197734","https://www.leafguard.com/careers",63,32,1,"https://www.leafguard.com/careers","2021-10-28","2024-05-13"
191,"Minuteman Leafguard                                                                                                      - Hudson                                            , MA         - Company Profile","https://www.dandb.com/businessdirectory/minutemanleafguard-hudson-ma-27654544.html","https://pages.leafguard.com/LeafGuardOffers.html",63,32,32,"www.minutemangutters.com","2023-03-04","2026-07-02"
192,"-","https://jobs.abc17news.com/company/leafguard-197734","https://www.leafguard.com/careers",63,32,1,"https://www.leafguard.com/careers","2021-10-11","2024-01-08"
193,"-","https://jobs.nptelegraph.com/company/leafguard-197734","https://www.leafguard.com/careers",63,30,1,"https://www.leafguard.com/careers","2021-10-14","2024-05-20"
194," Anyone know/have experience with leaf/gutter guards? Which are the absolute best/work - Page 3 - CorvetteForum - Chevrolet Corvette Forum Discussion","https://www.corvetteforum.com/forums/off-topic/4591859-anyone-know-have-experience-with-leaf-gutter-guards-which-are-the-absolute-best-work-3.html","https://www.leafguard.com/",62,33,1,"leaf guard","2022-10-15","2022-10-15"
195,"-","https://www.savings.com/coupons/leafguard.com","https://www.leafguard.com/contact",62,33,3,"customer service","2025-12-21","2025-12-24"
196,"Leafguardgutters_com | http://leafguardgutters.com | Ratings History at ResellerRatings ","https://www.resellerratings.com/store-ratings/ratings-history/Leafguardgutters_com","https://pages.leafguard.com/LeafGuardOffers.html",62,33,10,"http://leafguardgutters.com","2024-08-07","2026-07-04"
197,"Leaf Guard - AL DÍA News","https://local.aldianews.com/pennsauken%20township-nj/leaf-guard-888-835-7036","https://pages.leafguard.com/LeafGuardOffers.html",62,32,6,"http://leafguardoftristate.com/","2023-03-13","2026-06-27"
198,"Website New List1014 | Topbillion Directory","https://topbilliondirectory.com/website-new-list1014/","https://www.leafguard.com/",62,32,6,"leafguard","2023-02-19","2026-07-10"
199,"-","https://jobs.morningjournal.com/company/leafguard-197734","https://www.leafguard.com/careers",62,32,1,"https://www.leafguard.com/careers","2022-01-08","2023-12-03"
200,"-","https://investors.synchrony.com/news-events/financial-news/detail/366/synchrony-financial-and-englert-leafguard-introduce-new-consumer-financing-program","https://www.leafguard.com/",62,32,1,"www.leafguard.com","2025-02-04","2026-02-01"
201,"-","https://careers.goskagit.com/company/leafguard-197734","https://www.leafguard.com/careers",62,31,1,"https://www.leafguard.com/careers","2022-01-06","2024-05-01"
202,"-","https://texags.com/forums/61/topics/2747587","https://www.leafguard.com/",62,31,1,"https://www.leafguard.com/","2024-08-22","2026-05-10"
203,"-","https://jobs.kearneyhub.com/company/leafguard-197734","https://www.leafguard.com/careers",62,31,1,"https://www.leafguard.com/careers","2022-01-09","2024-05-08"
204,"Domains on ip 98.129.229.221","https://domains.tntcode.com/ip/98.129.229.221","https://pages.leafguard.com/LeafGuardOffers.html",62,30,15,"-","2025-06-19","2026-07-08"
205,"-","https://jobs.carrollcountytimes.com/company/leafguard-197734","https://www.leafguard.com/careers",62,29,3,"https://www.leafguard.com/careers","2022-01-03","2024-04-24"
206,"-","https://webtechsurvey.com/technology/dontgo","https://www.leafguard.com/",62,25,1,"-","2021-11-21","2021-11-21"
207,"🏆🏆Boost your Google rankings with Premium PBN & Link Building🏆🏆","https://www.cmocheatsheets.com/all/614/1.html","https://pages.leafguard.com/LeafGuardOffers.html",62,23,6,"high quality dofollow backlinks da 50 pa 40 premium pbn network service chicagoatticat.com rank first page google fast seo link building buy backlinks online cheap","2026-08-16","2026-08-16"
208,"🏆🏆Boost your Google rankings with Premium PBN & Link Building🏆🏆","https://www.skystarnews.com/all/29/33.html","https://pages.leafguard.com/LeafGuardOffers.html",62,18,18,"high quality dofollow backlinks da 50 pa 40 premium pbn network service pittsburghleafguard.com rank first page google fast seo link building buy backlinks online cheap","2026-07-29","2026-08-01"
209,"WGEM Home & Living Show","https://www.wgem.com/page/wgem-home-living-show/","https://www.leafguard.com/locations/springfield",61,37,5,"leafguard","2026-04-03","2026-07-04"
210,"-","https://www.bogleheads.org/forum/viewtopic.php?t=71757","https://www.leafguard.com/",61,32,1,"leafguard","2018-02-16","2026-06-25"
211,"-","https://jobs.wandtv.com/company/leafguard-197734","https://www.leafguard.com/careers",61,31,2,"https://www.leafguard.com/careers","2021-10-10","2024-05-07"
212,"-","https://jobs.godanriver.com/company/leafguard-197734","https://www.leafguard.com/careers",61,30,6,"https://www.leafguard.com/careers","2021-10-21","2024-05-11"
213,"Starling Guttering Inc - Virginia Gazette","https://admin.mylocal.vagazette.com/williamsburg-va/starling-guttering-inc-757-220-9900","https://www.leafguard.com/locations/starling-gutter-company",61,28,3,"https://www.leafguard.com/locations/starling-gutter-company","2021-12-06","2026-07-06"
214,"-","https://galaxyconcerns.com/best-gutter-guards-of-2023/","https://www.leafguard.com/warranty",61,22,12,"lifetime warranty","2023-09-11","2024-04-03"
215,"🏆🏆Boost your Google rankings with Premium PBN & Link Building🏆🏆","https://mymarketpost.com/all/322/7.html","https://pages.leafguard.com/LeafGuardOffers.html",61,21,7,"high quality dofollow backlinks da 50 pa 40 premium pbn network service austinguttercleaning.com rank first page google fast seo link building buy backlinks online cheap","2026-08-15","2026-08-15"
216,"-","https://dokumen.tips/documents/thehomemag-kansas-city-march12.html","https://pages.leafguard.com/LeafGuardOffers.html",60,38,5,"http://www.gutterskansascity.com","2023-04-30","2026-06-25"
217,"Ai In The Home Service Industry Statistics 2026 | Gitnux","https://gitnux.org/ai-in-the-home-service-industry-statistics/","https://www.leafguard.com/",60,34,8,"leafguard.com","2026-08-08","2026-08-08"
218,"50+ thread | Page 6366 | Tacoma World","https://www.tacomaworld.com/threads/50-thread.171974/page-6366","https://www.leafguard.com/",60,33,2,"https://www.leafguard.com/","2024-09-04","2025-11-19"
219,"-","https://jobs.chronicleonline.com/company/leafguard-197734","https://www.leafguard.com/careers",60,31,1,"https://www.leafguard.com/careers","2022-01-04","2024-04-10"
220,"-","https://jobs.journal-news.net/company/leafguard-197734","https://www.leafguard.com/careers",60,30,1,"https://www.leafguard.com/careers","2021-12-11","2024-04-09"
221,"
Ultimate Sports Bash - Salt Lake City - 2024 :: Leap Conventions
	","https://conventions.leapevent.tech/exhibitors/Ultimate_Sports_Bash_2024","https://www.leafguard.com/",60,27,1,"view website","2024-07-03","2026-07-05"
222,"-","https://www.soundflare.xyz/play/merry-xmas-ringtone.html","https://pages.leafguard.com/LeafGuardOffers.html",60,20,61,"www.soundflare.xyz","2023-02-12","2026-06-27"
223,"🏆🏆Boost your Google rankings with Premium PBN & Link Building🏆🏆","https://www.plumeriamarketing.com/all/499/29.html","https://pages.leafguard.com/LeafGuardOffers.html",60,20,41,"visit site seo kingsportleafguard.com premium backlinks","2026-06-28","2026-07-18"
224,"-","https://www.piercecountywa.gov/1268/Kite-Festival","https://www.leafguard.com/locations/seattle?fbclid=IwZXh0bgNhZW0CMTAAAR2GeBEmbztwH3hGUnS7TmmX4SU7LBG7SwRTaIvlnjeAZ6x4I5odMc0J3GI_aem_Ac1Y2nczpqHL6H2GUz26bhpoDTQ-d8Gus6kXWMPNXMK0ShLB-ouoplMBwc4LH6gfixMMfI99f3Y8kX_2BTUJLxLv",59,41,1,"image of leafguard new logo","2024-05-26","2024-09-01"
225,"-","https://www.yellowbot.com/leafguard-chicago-llc-burr-ridge-il.html","https://pages.leafguard.com/LeafGuardOffers.html",59,35,3,"gutterschicago.com","2023-05-02","2026-08-06"
226,"-","https://forums.pelicanparts.com/9951457-post303.html","https://www.leafguard.com/compare-gutters",59,35,"-","https://www.leafguard.com/why-its-better","2020-10-02","2026-07-03"
227,"-","https://www.gaf.com/roofing/contractors/in/millersburg/46543","https://www.leafguard.com/",59,33,2,"web","2017-04-09","2017-12-29"
228,"-","https://jobs.starherald.com/company/leafguard-197734","https://www.leafguard.com/careers",59,31,1,"https://www.leafguard.com/careers","2021-10-12","2024-05-21"
229,"Rain gutter — Grokipedia","https://grokipedia.com/page/Rain_gutter","https://www.leafguard.com/",59,31,7,"leafguard official website","2026-04-30","2026-08-22"
230,"-","https://local.beloitdailynews.com/madison-wi/leafguard-of-madison-1-608-433-9488","https://www.leafguard.com/contact?dealer=73/WI/LEAFGUARD-OF-MADISON",59,30,1,"https://www.leafguard.com/estimate?dealer=73%2fwi%2fleafguard-of-madison","2025-11-05","2026-09-01"
231,"Allison Bice: Age, Phone Number, Aliases, Address & Records","https://www.truthfinder.com/people-search/allison-bice/","https://pages.leafguard.com/LeafGuardOffers.html",59,29,4,"leafguardgutters","2026-08-31","2026-08-31"
232,"-","https://websitedetection.com/web-site-list-9705","https://pages.leafguard.com/LeafGuardOffers.html",59,27,12,"leafguardofnashville.com","2023-02-04","2026-08-09"
233,"-","https://insideheadline.com/best-gutter-guards-of-2023/","https://www.leafguard.com/warranty",59,21,58,"lifetime warranty","2023-09-13","2023-12-14"
234,"🏆🏆Boost your Google rankings with Premium PBN & Link Building🏆🏆","https://mylisthero.com/all/1537/1.html","https://pages.leafguard.com/LeafGuardOffers.html",59,20,7,"high quality dofollow backlinks da 50 pa 40 premium pbn network service jobsatleafguard.com rank first page google fast seo link building buy backlinks online cheap","2026-08-23","2026-08-28"
235,"🏆🏆Boost your Google rankings with Premium PBN & Link Building🏆🏆","https://lydiaroyrealestate.com/all/145/34.html","https://pages.leafguard.com/LeafGuardOffers.html",59,19,39,"high quality dofollow backlinks da 50 pa 40 premium pbn network service gutterchicagoradio.com rank first page google fast seo link building buy backlinks online cheap","2026-07-21","2026-07-24"
236,"🏆🏆Boost your Google rankings with Premium PBN & Link Building🏆🏆","https://www.s-tribe.net/all/576/7.html","https://pages.leafguard.com/LeafGuardOffers.html",59,19,34,"high quality dofollow backlinks da 50 pa 40 premium pbn network service talkgutterportland.com rank first page google fast seo link building buy backlinks online cheap","2026-07-13","2026-08-02"
237,"🏆🏆Boost your Google rankings with Premium PBN & Link Building🏆🏆","https://phanerosart.com/all/1265/16.html","https://pages.leafguard.com/LeafGuardOffers.html",59,17,12,"high quality dofollow backlinks da 50 pa 40 premium pbn network service gutterscleveland.org rank first page google fast seo link building buy backlinks online cheap","2026-08-16","2026-08-30"
238,"-","https://betweennapsontheporch.net/front-yard-renovation/","https://pages.leafguard.com/LeafGuardOffers.html",58,45,2,"http://www.leafguardgutters.com/","2024-07-27","2026-08-02"
239,"-","https://makingitlovely.com/2009/02/13/grand-plans-for-the-outside-of-the-house/","https://www.leafguard.com/",58,37,2,"http://www.leafguard.com/","2016-05-04","2026-04-01"
240,"LeafGuard Gutters Company Profile | Management and Employees List","https://www.datanyze.com/companies/leafguard-gutters/165938132","https://www.leafguard.com/",58,37,2,"www.leafguard.com","2021-10-01","2026-07-06"
241,"
	43rd Annual Harvard Square Oktoberfest and HONK! Parade [10/09/22]
	","https://www.thebostoncalendar.com/events/43rd-annual-harvard-square-oktoberfest-and-honk-parade","https://www.leafguard.com/",58,36,1,"leaf guard","2022-12-17","2026-06-30"
242,"-","https://www.hotfrog.com/company/1098863675408384","https://www.leafguard.com/",58,36,37,"www.leafguard.com","2019-11-02","2019-11-02"
243,"-","https://ebusinesspages.com/Leafguard_6a525.co","https://www.leafguard.com/",58,35,12,"www.leafguard.com","2019-08-01","2024-04-20"
244,"Pittrvshow.com - анализ сайта, seo характеристики сайта - питтрвшов точка ком","https://prlog.ru/analysis/pittrvshow.com","https://www.leafguard.com/",58,34,13,"leafguard.com/","2020-01-10","2026-07-08"
245,"-","https://aboutus.com/LeafGuard.com","https://www.leafguard.com/",58,32,18,"read more","2018-04-07","2025-03-11"
246,"-","https://jobs.martinsvillebulletin.com/company/leafguard-197734","https://www.leafguard.com/careers",58,30,1,"https://www.leafguard.com/careers","2021-10-12","2024-05-14"
247,"-","https://jobs.norfolkdailynews.com/company/leafguard-197734","https://www.leafguard.com/careers",58,30,1,"https://www.leafguard.com/careers","2021-11-17","2024-06-23"
248,"-","https://jobs.yorknewstimes.com/company/leafguard-197734","https://www.leafguard.com/careers",58,29,4,"https://www.leafguard.com/careers","2021-10-10","2024-05-14"
249,"Top 1 million websites 790001 to 800000 - GUEST POSTS","https://seotech2.com/click-here-for-the-do-follow-guest-post/","https://www.leafguard.com/",58,26,4,"https://leafguard.com","2023-09-20","2026-07-08"
250,"🛸 Dark Side Links – Dark/White Hat Link Building Services – Homework Nerds","https://hwnerds.com/dark-side-links-dark-white-hat-link-building-657/","https://www.leafguard.com/",58,23,7,"join our telegram https://t.me/s/darksidelinks","2026-08-05","2026-08-05"
251,"🏆🏆Boost your Google rankings with Premium PBN & Link Building🏆🏆","https://www.chordmp3.net/all/613/10.html","https://pages.leafguard.com/LeafGuardOffers.html",58,19,21,"high quality dofollow backlinks da 50 pa 40 premium pbn network service chicagoatticat.com rank first page google fast seo link building buy backlinks online cheap","2026-07-03","2026-07-03"
252,"🏆🏆Boost your Google rankings with Premium PBN & Link Building🏆🏆","https://www.bisprofit.com/all/321/27.html","https://pages.leafguard.com/LeafGuardOffers.html",58,17,8,"high quality dofollow backlinks da 50 pa 40 premium pbn network service austinguttercleaning.com rank first page google fast seo link building buy backlinks online cheap","2026-07-26","2026-08-11"
253,"-","https://www.redmond.gov/1138/Derby-Days","https://www.leafguard.com/locations/seattle",57,44,2,"leafguard","2024-07-27","2024-07-27"
254,"Affiliate Elite Eliminates Guess Work and Gives Marketers An Unfair Advantage-2137 | Way Ranks","https://wayranks.com/affiliate-elite-eliminates-guess-work-and-gives-marketers-an-unfair-advantage-2137/","https://www.leafguard.com/",57,41,4,"leafguard","2022-06-01","2026-07-08"
255,"Stress, Heart Disease and Mind Body Medicine-443 | Article Ment","https://articlement.com/stress-heart-disease-and-mind-body-medicine-443/","https://www.leafguard.com/",57,40,4,"leafguard","2022-08-23","2026-07-08"
256,"Top 30 Siding Contractors in Summerville, SC | DexKnows.com","https://www.dexknows.com/summerville-sc/siding-contractors","https://pages.leafguard.com/LeafGuardOffers.html",57,40,5,"icon external link","2024-08-07","2026-08-03"
257,"How To Really Clean Your Gutters","https://www.housedigest.com/714129/how-to-really-clean-your-gutters/","https://www.leafguard.com/",57,38,1,"leaf guard","2022-01-27","2026-03-02"
258,"LeafGuard Company Profile - Office Locations, Competitors, Revenue, Financials, Employees, Key People, Subsidiaries | Craft.co","https://craft.co/leafguard-166","https://www.leafguard.com/",57,35,1,"-","2023-01-14","2026-08-21"
259,"Celebrate Highwood Announces Margarita Night at the Wednesday Evening Gourmet Market - Wednesday, Jul 17, 2024 from 4:30pm to 9:30pm - Highwood, IL","https://www.americantowns.com/event/celebrate-highwood-announces-margarita-night-at-the-wednesday-evening-gourmet-market-2024-07-17-highwood-il.html","https://www.leafguard.com/locations/chicago",57,34,10,"leafguard","2024-07-20","2025-04-25"
260,"How Much Does It Cost to Install Gutter Guards?","https://www.homeserve.com/blog/cost-guide/gutter-guards","https://www.leafguard.com/",57,32,1,"leafguard","2026-08-15","2026-08-15"
261,"-","https://forum.woodenboat.com/showthread.php?112610-one-more-cup-of-coffee","https://www.leafguard.com/",57,30,1,"http://www.leafguard.com/","2017-10-29","2023-03-12"
262,"-","https://jobs.nvdaily.com/company/leafguard-197734","https://www.leafguard.com/careers",57,30,3,"https://www.leafguard.com/careers","2021-11-26","2024-06-19"
263,"-","https://kwgn.com/2015/02/06/unclog-your-gutter-for-good/","https://pages.leafguard.com/LeafGuardOffers.html",57,26,"-","leafguard","2024-07-25","2026-07-08"
264,"Profile: Leafguard of Oregon - Buyer's Guide Online - WineBusiness Analytics","https://winebusinessanalytics.com/buyersguide/company/73859/Leafguard-of-Oregon","https://www.leafguard.com/locations/oregon",57,24,2,"leafguard.com/locations/oregon","2023-09-01","2026-07-27"
265,"-","https://idmoz.org/Regional/North_America/United_States/Business_and_Economy/Home_and_Garden","https://pages.leafguard.com/LeafGuardOffers.html",57,24,3,"12 englert leafguard","2023-04-15","2026-08-06"
266,"🏆🏆Boost your Google rankings with Premium PBN & Link Building🏆🏆","https://fletcherrld.com/all/1265/17.html","https://pages.leafguard.com/LeafGuardOffers.html",57,20,14,"high quality dofollow backlinks da 50 pa 40 premium pbn network service guttersspringfield.net rank first page google fast seo link building buy backlinks online cheap","2026-08-18","2026-08-21"
267,"🏆🏆Boost your Google rankings with Premium PBN & Link Building🏆🏆","https://www.bazerdaily.com/all/966/14.html","https://pages.leafguard.com/LeafGuardOffers.html",57,19,7,"high quality dofollow backlinks da 50 pa 40 premium pbn network service englertgutter.com rank first page google fast seo link building buy backlinks online cheap","2026-08-26","2026-08-26"
268,"🏆🏆Boost your Google rankings with Premium PBN & Link Building🏆🏆","https://thedocmag.com/all/1265/14.html","https://pages.leafguard.com/LeafGuardOffers.html",57,19,1,"high quality dofollow backlinks da 50 pa 40 premium pbn network service gutterchicagoradio.com rank first page google fast seo link building buy backlinks online cheap","2026-08-21","2026-08-24"
269,"-","https://toproofingcompanies.com/locations/upper-marlboro/","https://pages.leafguard.com/LeafGuardOffers.html",57,19,15,"leafguardgutters.com","2024-08-07","2026-07-04"
270,"🏆🏆Boost your Google rankings with Premium PBN & Link Building🏆🏆","https://fittyfoody.com/all/966/14.html","https://pages.leafguard.com/LeafGuardOffers.html",57,19,7,"high quality dofollow backlinks da 50 pa 40 premium pbn network service englertgutter.com rank first page google fast seo link building buy backlinks online cheap","2026-07-21","2026-07-24"
271,"🏆🏆Boost your Google rankings with Premium PBN & Link Building🏆🏆","https://expresskitchendesigns.com/all/1434/29.html","https://pages.leafguard.com/LeafGuardOffers.html",57,19,6,"high quality dofollow backlinks da 50 pa 40 premium pbn network service incredablegutters.com rank first page google fast seo link building buy backlinks online cheap","2026-08-16","2026-08-16"
272,"🏆🏆Boost your Google rankings with Premium PBN & Link Building🏆🏆","https://juaralaundry.com/all/651/29.html","https://pages.leafguard.com/LeafGuardOffers.html",57,18,6,"high quality dofollow backlinks da 50 pa 40 premium pbn network service clogfreeguarantee.com rank first page google fast seo link building buy backlinks online cheap","2026-08-21","2026-08-21"
273,"🏆🏆Boost your Google rankings with Premium PBN & Link Building🏆🏆","https://blogerreviewers.com/all/1180/19.html","https://pages.leafguard.com/LeafGuardOffers.html",57,18,6,"high quality dofollow backlinks da 50 pa 40 premium pbn network service getbeldongutter.com rank first page google fast seo link building buy backlinks online cheap","2026-08-19","2026-08-19"
274,"🏆🏆Boost your Google rankings with Premium PBN & Link Building🏆🏆","https://onlineshoppingidea.com/all/809/21.html","https://pages.leafguard.com/LeafGuardOffers.html",57,18,11,"high quality dofollow backlinks da 50 pa 40 premium pbn network service minutemangutters.com rank first page google fast seo link building buy backlinks online cheap","2026-07-30","2026-08-02"
275,"🏆🏆Boost your Google rankings with Premium PBN & Link Building🏆🏆","https://www.rdxextremez.com/all/576/7.html","https://pages.leafguard.com/LeafGuardOffers.html",57,18,11,"high quality dofollow backlinks da 50 pa 40 premium pbn network service talkgutterkc.com rank first page google fast seo link building buy backlinks online cheap","2026-08-16","2026-08-16"
276,"What People Like About Internet Marketing | Development Mi","https://developmentmi.com/what-people-like-about-internet-marketing/","https://www.leafguard.com/",56,36,6,"leafguard","2022-07-06","2026-07-08"
277,"Saints Golf Classic | Saint Martin's University","https://www.stmartin.edu/events/saints-golf-classic","https://quote.leafguard.com/locations/seattle?t=bing&gclid=45759f4e01051604e99bf6a882ca3521&gclsrc=3p.ds&utm_id=603420679&msclkid=45759f4e01051604e99bf6a882ca3521",56,36,"-","leafguard of seattle","2026-06-30","2026-07-03"
278,"What People Like About Internet Marketing | Star Courts","https://starcourts.com/what-people-like-about-internet-marketing/","https://www.leafguard.com/",56,34,7,"leafguard","2022-06-30","2026-07-08"
279,"-","https://grassrootsmotorsports.com/forum/off-topic-discussion/learn-me-gutters/182366/page1/","https://www.leafguard.com/",56,33,1,"https://www.leafguard.com","2021-07-29","2025-03-17"
280,"Furniture Stores in Quincy, California | Furniture.com","https://www.furniture.com/stores/california/quincy","https://pages.leafguard.com/LeafGuardOffers.html",56,33,6,"-","2026-08-04","2026-08-04"
281,"-","https://jobs.hometownstations.com/company/leafguard-197734","https://www.leafguard.com/careers",56,30,1,"https://www.leafguard.com/careers","2022-01-02","2024-06-24"
282,"Call today for Your Free Estimate!, Englert LeafGuard","https://local.hngnews.com/places/view/4970/englert_leaf_guard.html","https://www.leafguard.com/",56,29,3,"leafguard.com","2020-09-28","2020-12-29"
283,"-","https://jobs.newtondailynews.com/company/leafguard-197734","https://www.leafguard.com/careers",56,29,7,"https://www.leafguard.com/careers","2021-12-20","2024-05-08"
284," Leafguard of Eastern Kentucky, 2301 River Road | 41749 Hyden","https://www.acompio.us/Leafguard-of-Eastern-Kentucky-21584028.html","https://www.leafguard.com/",56,28,12,"go to the company web page","2023-01-03","2024-10-10"
285,"Where to buy 🚀 aged domains and backlinks 🔥 from all-aged-domains | 1913-9946","https://all-aged-domains.com/page-e19a13994ac64c073afd135bc0b6d4b5.html","https://pages.leafguard.com/LeafGuardOffers.html",56,25,4,"ftworthgutters.com","2025-10-22","2026-08-12"
286,"LeafGuard - BestHelpTips.com","https://www.besthelptips.com/general-contractors/listing/60185b2b4ec24cf93a6f3a5ca0887d58/","https://pages.leafguard.com/LeafGuardOffers.html",56,23,13,"https://www.leafguardspokane.com","2023-02-02","2026-08-20"
287,"🏆🏆Boost your Google rankings with Premium PBN & Link Building🏆🏆","https://smartstimer.com/all/614/1.html","https://pages.leafguard.com/LeafGuardOffers.html",56,23,7,"high quality dofollow backlinks da 50 pa 40 premium pbn network service chicagoatticat.com rank first page google fast seo link building buy backlinks online cheap","2026-08-16","2026-08-16"
288,"🏆🏆Boost your Google rankings with Premium PBN & Link Building🏆🏆","https://theforbestimes.com/all/322/7.html","https://pages.leafguard.com/LeafGuardOffers.html",56,22,6,"high quality dofollow backlinks da 50 pa 40 premium pbn network service austinguttercleaning.com rank first page google fast seo link building buy backlinks online cheap","2026-08-16","2026-08-16"
289,"🏆🏆Boost your Google rankings with Premium PBN & Link Building🏆🏆","https://qwenterprise.com/all/29/33.html","https://pages.leafguard.com/LeafGuardOffers.html",56,22,1,"high quality dofollow backlinks da 50 pa 40 premium pbn network service pittsburghleafguard.com rank first page google fast seo link building buy backlinks online cheap","2026-07-06","2026-07-06"
290,"🏆🏆Boost your Google rankings with Premium PBN & Link Building🏆🏆","https://missburrg.com/all/315/23.html","https://pages.leafguard.com/LeafGuardOffers.html",56,19,9,"high quality dofollow backlinks da 50 pa 40 premium pbn network service incrediblegutters.com rank first page google fast seo link building buy backlinks online cheap","2026-07-14","2026-07-14"
291,"🏆🏆Boost your Google rankings with Premium PBN & Link Building🏆🏆","https://ufabettererm4.com/all/1265/14.html","https://pages.leafguard.com/LeafGuardOffers.html",56,19,7,"high quality dofollow backlinks da 50 pa 40 premium pbn network service guttercentralillinois.com rank first page google fast seo link building buy backlinks online cheap","2026-08-15","2026-08-18"
292,"🏆🏆Boost your Google rankings with Premium PBN & Link Building🏆🏆","https://archive-hu.com/all/761/22.html","https://pages.leafguard.com/LeafGuardOffers.html",56,19,11,"high quality dofollow backlinks da 50 pa 40 premium pbn network service dallasleafguard.com rank first page google fast seo link building buy backlinks online cheap","2026-08-13","2026-08-13"
293,"🏆🏆Boost your Google rankings with Premium PBN & Link Building🏆🏆","https://canadapsilocybin.com/all/614/8.html","https://pages.leafguard.com/LeafGuardOffers.html",56,19,9,"high quality dofollow backlinks da 50 pa 40 premium pbn network service chicagolandguttercleaning.com rank first page google fast seo link building buy backlinks online cheap","2026-08-14","2026-08-14"
294,"🏆🏆Boost your Google rankings with Premium PBN & Link Building🏆🏆","https://fastlifesite.com/all/1434/30.html","https://pages.leafguard.com/LeafGuardOffers.html",56,19,12,"high quality dofollow backlinks da 50 pa 40 premium pbn network service incrediblegutters.com rank first page google fast seo link building buy backlinks online cheap","2026-08-21","2026-08-24"
295,"🏆🏆Boost your Google rankings with Premium PBN & Link Building🏆🏆","https://primenewsartical.com/all/1618/33.html","https://pages.leafguard.com/LeafGuardOffers.html",56,18,6,"high quality dofollow backlinks da 50 pa 40 premium pbn network service kingsportleafguard.com rank first page google fast seo link building buy backlinks online cheap","2026-08-10","2026-08-10"
296,"🏆🏆Boost your Google rankings with Premium PBN & Link Building🏆🏆","https://onlyhealthydeals.com/all/1035/24.html","https://pages.leafguard.com/LeafGuardOffers.html",56,18,7,"high quality dofollow backlinks da 50 pa 40 premium pbn network service farmhousesiding.com rank first page google fast seo link building buy backlinks online cheap","2026-07-10","2026-08-07"
297,"Beldon Leaf Guard Review | Is This The Company For You?","https://www.consumersadvocate.org/gutter-guard/c/beldon-leafguard-review","https://pages.leafguard.com/LeafGuardOffers.html",55,41,3,"https://www.leafguardgutters.com/","2024-07-27","2026-08-02"
298,"3 Marketing Strategies Every Artist Should Implement | King Ranks","https://kingranks.com/3-marketing-strategies-every-artist-should-implement/","https://www.leafguard.com/",55,41,9,"leafguard","2022-10-05","2026-07-08"
299,"What People Like About Internet Marketing | Top To High","https://toptohigh.com/what-people-like-about-internet-marketing/","https://www.leafguard.com/",55,37,3,"leafguard","2022-06-30","2026-07-08"
300,"Leafguard Gutter Protection - 655 Reviews - Gutter Services in Springfield, IL - Birdeye","https://birdeye.com/leafguard-gutter-protection-173748912156841","https://www.leafguard.com/locations/springfield",55,37,1,"https://www.leafguard.com/locations/springfield","2026-04-08","2026-08-24"
301,"
	Leaf Guard of Tennessee - ezlocal.com
","https://ezlocal.com/tn/knoxville/business/689802481","https://www.leafguard.com/",55,35,1,"leafguard.com","2018-01-08","2026-07-08"
302,"-","https://rocketreach.co/leafguard-brand-gutters-profile_b4604fccfc5da8ab","https://www.leafguard.com/",55,34,28,"https://www.leafguard.com/","2024-01-15","2025-09-23"
303,"-","https://worldranksite.com/branding-yourself-to-grow-your-online-business/","https://www.leafguard.com/",55,34,3,"leafguard","2023-02-21","2026-07-08"
304,"-","https://www.harvardsquare.com/43rd-annual-oktoberfest-and-honk-parade-2/","https://www.leafguard.com/",55,30,4,"leaf guard","2022-12-27","2025-12-23"
305,"2008 | Toolmonger | Page 56","https://toolmonger.com/2008/page/56/","https://www.leafguard.com/",55,30,3,"leafguard gutter system","2018-04-10","2022-06-18"
306,"Health And Safety Training In The Workplace | Web Rank Site","https://webranksite.com/health-and-safety-training-in-the-workplace/","https://www.leafguard.com/",55,30,6,"leafguard","2023-11-09","2026-08-22"
307,"-","https://toparticlesdirectory.com/branding-yourself-to-grow-your-online-business/","https://www.leafguard.com/",55,27,5,"leafguard","2023-03-20","2026-07-08"
308,"list.show | few of top websites | page no. 495","https://www.list.show/domain-list-495","https://www.leafguard.com/",55,22,18,"leafguard.com","2025-12-29","2026-07-08"
309,"🏆🏆Boost your Google rankings with Premium PBN & Link Building🏆🏆","https://betwinnermirror.com/all/1372/22.html","https://pages.leafguard.com/LeafGuardOffers.html",55,22,5,"high quality dofollow backlinks da 50 pa 40 premium pbn network service houstonbestgutters.com rank first page google fast seo link building buy backlinks online cheap","2026-08-14","2026-08-14"
310,"🏆🏆Boost your Google rankings with Premium PBN & Link Building🏆🏆","https://techbumppy.com/all/614/1.html","https://pages.leafguard.com/LeafGuardOffers.html",55,20,7,"high quality dofollow backlinks da 50 pa 40 premium pbn network service chicagoatticat.com rank first page google fast seo link building buy backlinks online cheap","2026-08-13","2026-08-13"
311,"🏆🏆Boost your Google rankings with Premium PBN & Link Building🏆🏆","https://adcreativevideo.com/all/1928/29.html","https://pages.leafguard.com/LeafGuardOffers.html",55,19,6,"high quality dofollow backlinks da 50 pa 40 premium pbn network service minutemangutters.com rank first page google fast seo link building buy backlinks online cheap","2026-08-22","2026-08-22"
312,"🏆🏆Boost your Google rankings with Premium PBN & Link Building🏆🏆","https://lawyerinjeddah.com/all/315/23.html","https://pages.leafguard.com/LeafGuardOffers.html",55,18,28,"high quality dofollow backlinks da 50 pa 40 premium pbn network service incrediblegutters.com rank first page google fast seo link building buy backlinks online cheap","2026-08-22","2026-08-22"
313,"-","https://www.mydiyclothes.com/leafguard-evaluate-2023/","https://www.leafguard.com/offers",55,18,4,"leafguard shares promotional provides","2023-07-05","2023-07-05"
314,"🏆🏆Boost your Google rankings with Premium PBN & Link Building🏆🏆","https://themicrodigits.com/all/1265/17.html","https://pages.leafguard.com/LeafGuardOffers.html",55,18,11,"high quality dofollow backlinks da 50 pa 40 premium pbn network service guttersspringfield.com rank first page google fast seo link building buy backlinks online cheap","2026-08-19","2026-08-19"
315,"🏆🏆Boost your Google rankings with Premium PBN & Link Building🏆🏆","https://coruzants.com/all/1265/16.html","https://pages.leafguard.com/LeafGuardOffers.html",55,13,13,"high quality dofollow backlinks da 50 pa 40 premium pbn network service gutterschampaign-urbana.net rank first page google fast seo link building buy backlinks online cheap","2026-08-31","2026-08-31"
316,"-","https://mobileservices.texterity.com/aarptm/20100910_PR/LinkContent.action?lm=1372691613000","https://pages.leafguard.com/LeafGuardOffers.html",55,30,"-","http://800gutters.com","2024-07-25","2026-07-08"
317,"Farmers' Market | City of Lake Oswego","https://www.ci.oswego.or.us/lofm","https://www.leafguard.com/locations/oregon",54,45,4,"leafguard logo","2025-05-02","2026-07-03"
318,"-","https://cleanguttersstlouis37902.pages10.com/How-home-improvement-can-Save-You-Time-Stress-and-Money--9111433","https://pages.leafguard.com/LeafGuardOffers.html",54,41,36,"read more","2023-04-28","2026-07-13"
319,"Gutter Repair, Installation and Upgrade - Extreme How To","https://extremehowto.com/gutter-repair-installation-and-upgrade/","https://www.leafguard.com/",54,39,2,"www.leafguard.com","2017-06-27","2026-07-03"
320,"-","https://trentonzskbr.blogolize.com/The-Greatest-Guide-To-home-improvement-8810401","https://pages.leafguard.com/LeafGuardOffers.html",54,37,14,"more info","2023-04-28","2026-07-13"
321,"-","https://www.thebluebook.com/iProView/1751081/englert-leafguard/subcontractors/locations-contacts/","https://pages.leafguard.com/LeafGuardOffers.html",54,37,1,"website","2023-05-16","2026-07-10"
322,"-","https://vdocuments.mx/kansas-city-remodeling-show-program-guide-2011.html","https://www.leafguard.com/",54,36,51,"http://www.leafguard.com","2023-05-07","2024-06-26"
323,"Metal building with no gutters? - TractorByNet","https://www.tractorbynet.com/forums/threads/metal-building-with-no-gutters.447268/","https://www.leafguard.com/",54,35,5,"https://www.leafguard.com/","2025-12-26","2026-03-28"
324,"Health And Safety Training In The Workplace | Pirdu","https://pirdu.com/health-and-safety-training-in-the-workplace/","https://www.leafguard.com/",54,34,8,"leafguard","2022-12-15","2026-09-01"
325,"gutters | BobIsTheOilGuy","https://bobistheoilguy.com/forums/threads/gutters.112158/","https://www.leafguard.com/",54,31,20,"http://www.leafguard.com/","2026-08-20","2026-08-20"
326,"-","https://jobs.dailyrecordnews.com/company/leafguard-197734","https://www.leafguard.com/careers",54,29,1,"https://www.leafguard.com/careers","2021-10-18","2024-05-24"
327,"Top similar websites like leafguardboston.com and competitors","https://www.sitesimilar.net/leafguardboston.com","https://pages.leafguard.com/LeafGuardOffers.html",54,26,1,"leafguardboston","2023-01-31","2026-07-13"
328,"
    Event Details -
 Green City Market","https://www.greencitymarket.org/calendar/details/gcm-avondale-01-18-2025","https://www.leafguard.com/",54,26,10,"-","2025-01-24","2026-06-28"
329,"-","https://ranksdirectory.com/understanding-googles-bert-algorithm-and-its-impact-on-seos/","https://www.leafguard.com/",54,26,6,"leafguard","2024-04-03","2026-07-08"
330,"🏆🏆Boost your Google rankings with Premium PBN & Link Building🏆🏆","https://www.southfwb.com/all/392/19.html","https://pages.leafguard.com/LeafGuardOffers.html",54,23,9,"high quality dofollow backlinks da 50 pa 40 premium pbn network service beldonleafguardgutters.com rank first page google fast seo link building buy backlinks online cheap","2026-08-19","2026-08-19"
331,"🏆🏆Boost your Google rankings with Premium PBN & Link Building🏆🏆","https://gladeflowers.com/all/949/2.html","https://pages.leafguard.com/LeafGuardOffers.html",54,22,11,"high quality dofollow backlinks da 50 pa 40 premium pbn network service elm2inc.com rank first page google fast seo link building buy backlinks online cheap","2026-08-17","2026-08-17"
332,"🏆🏆Boost your Google rankings with Premium PBN & Link Building🏆🏆","https://kkinsider.com/all/1537/1.html","https://pages.leafguard.com/LeafGuardOffers.html",54,21,8,"high quality dofollow backlinks da 50 pa 40 premium pbn network service jobsatleafguard.com rank first page google fast seo link building buy backlinks online cheap","2026-08-13","2026-08-28"
333,"🏆🏆Boost your Google rankings with Premium PBN & Link Building🏆🏆","https://casinooftheking.com/all/614/1.html","https://pages.leafguard.com/LeafGuardOffers.html",54,20,14,"high quality dofollow backlinks da 50 pa 40 premium pbn network service chicagoatticat.com rank first page google fast seo link building buy backlinks online cheap","2026-08-20","2026-08-20"
334,"🏆🏆Boost your Google rankings with Premium PBN & Link Building🏆🏆","https://firstguestpost.com/all/1265/15.html","https://pages.leafguard.com/LeafGuardOffers.html",54,20,2,"high quality dofollow backlinks da 50 pa 40 premium pbn network service gutterfacts.info rank first page google fast seo link building buy backlinks online cheap","2026-08-15","2026-08-18"
335,"🏆🏆Boost your Google rankings with Premium PBN & Link Building🏆🏆","https://betulcrime.com/all/1434/29.html","https://pages.leafguard.com/LeafGuardOffers.html",54,20,7,"high quality dofollow backlinks da 50 pa 40 premium pbn network service incredablegutters.com rank first page google fast seo link building buy backlinks online cheap","2026-08-12","2026-08-12"
336,"🏆🏆Boost your Google rankings with Premium PBN & Link Building🏆🏆","https://masihnyata.com/all/1581/15.html","https://pages.leafguard.com/LeafGuardOffers.html",54,19,14,"high quality dofollow backlinks da 50 pa 40 premium pbn network service kansascitygutters.com rank first page google fast seo link building buy backlinks online cheap","2026-08-17","2026-08-17"
337,"🏆🏆Boost your Google rankings with Premium PBN & Link Building🏆🏆","https://exotichealths.com/all/761/17.html","https://pages.leafguard.com/LeafGuardOffers.html",54,19,6,"high quality dofollow backlinks da 50 pa 40 premium pbn network service dallasbestgutters.com rank first page google fast seo link building buy backlinks online cheap","2026-08-11","2026-08-11"
338,"🏆🏆Boost your Google rankings with Premium PBN & Link Building🏆🏆","https://rjcentinc.com/all/1434/30.html","https://pages.leafguard.com/LeafGuardOffers.html",54,19,6,"high quality dofollow backlinks da 50 pa 40 premium pbn network service incrediblegutters.com rank first page google fast seo link building buy backlinks online cheap","2026-08-17","2026-08-17"
339,"🏆🏆Boost your Google rankings with Premium PBN & Link Building🏆🏆","https://digitalseotool.com/all/321/27.html","https://pages.leafguard.com/LeafGuardOffers.html",54,19,12,"high quality dofollow backlinks da 50 pa 40 premium pbn network service austinguttercleaning.com rank first page google fast seo link building buy backlinks online cheap","2026-07-12","2026-08-11"
340,"🏆🏆Boost your Google rankings with Premium PBN & Link Building🏆🏆","https://dupurgeniefr.com/all/23/1.html","https://pages.leafguard.com/LeafGuardOffers.html",54,19,6,"high quality dofollow backlinks da 50 pa 40 premium pbn network service 1gutter.com rank first page google fast seo link building buy backlinks online cheap","2026-08-17","2026-08-17"
341,"🏆🏆Boost your Google rankings with Premium PBN & Link Building🏆🏆","https://digitalchatni.com/all/1265/15.html","https://pages.leafguard.com/LeafGuardOffers.html",54,19,7,"high quality dofollow backlinks da 50 pa 40 premium pbn network service gutterfacts.net rank first page google fast seo link building buy backlinks online cheap","2026-08-19","2026-08-19"
342,"🏆🏆Boost your Google rankings with Premium PBN & Link Building🏆🏆","https://forbesstories.com/all/103/28.html","https://pages.leafguard.com/LeafGuardOffers.html",54,19,7,"high quality dofollow backlinks da 50 pa 40 premium pbn network service 888gutters.com rank first page google fast seo link building buy backlinks online cheap","2026-08-20","2026-08-20"
343,"🏆🏆Boost your Google rankings with Premium PBN & Link Building🏆🏆","https://mediaboooster.com/all/1372/27.html","https://pages.leafguard.com/LeafGuardOffers.html",54,19,11,"high quality dofollow backlinks da 50 pa 40 premium pbn network service houstonleafguard.com rank first page google fast seo link building buy backlinks online cheap","2026-08-19","2026-08-23"
344,"🏆🏆Boost your Google rankings with Premium PBN & Link Building🏆🏆","https://trendyhealthtimes.com/all/184/29.html","https://pages.leafguard.com/LeafGuardOffers.html",54,18,4,"high quality dofollow backlinks da 50 pa 40 premium pbn network service refergutterdepot.com rank first page google fast seo link building buy backlinks online cheap","2026-07-09","2026-07-12"
345,"-","https://truerank.com/directory/organization/leafguard-brand-gutters-29766922-1","https://www.leafguard.com/",54,18,10,"leafguard.com","2023-10-17","2026-07-08"
346,"-","https://www.socialbookmarkssite.com/tag/leafguard/","https://www.leafguard.com/",53,34,12,"say goodbye to clogged gutters with leafguard – no more cleaning or leaks","2026-02-01","2026-02-01"
347,"LeafGuard | Gutters Profile | LinkCentre","https://www.linkcentre.com/profile/leafguardlb/","https://www.leafguard.com/",53,34,2,"rain gutter seamless gutter gutter protection â covers â","2018-08-22","2026-04-21"
348,"-","https://www.hearth.com/talk/threads/heat-tape-and-leafguard-gutters.65132/","https://www.leafguard.com/faqs.php",53,34,2,"http://www.leafguard.com/faqs.php","2020-10-30","2024-09-22"
349,"-","https://guttercleaningatlanta07284.get-blogging.com/1154416/5-simple-techniques-for-gutter-cleaning-st-louis","https://pages.leafguard.com/LeafGuardOffers.html",53,33,12,"click here","2023-04-28","2026-07-13"
350,"-","https://forums.nasioc.com/forums/showthread.php?t=823298&page=3","https://www.leafguard.com/home.asp",53,31,1,"http://www.leafguard.com/home.asp","2023-07-18","2025-04-29"
351,"Top Home Furnishings Advertisers | Top Advertisers | MediaRadar","https://advertisers.mediaradar.com/Top_Home_Furnishings_Advertisers","https://www.leafguard.com/",53,31,1,"www.leafguard.com/","2019-11-20","2026-07-03"
352,"-","https://411.ca/business/profile/1165323","https://www.leafguard.com/",53,30,28,"-","2021-10-01","2022-08-24"
353,"LeafGuard - Gutter Services Entity in United States | DirJournal Authority Graph","https://www.dirjournal.com/business/leafguard-418682","https://www.leafguard.com/",53,30,4,"visit website","2026-05-31","2026-05-31"
354,"-","https://www.getbig.com/boards/index.php?topic=644212.0","https://www.leafguard.com/photo-gallery",53,29,29,"https://www.leafguard.com/photo-gallery","2024-10-25","2025-11-17"
355,"-","https://forums.beyond.ca/threads/414897-Gutter-guards-worthwhile","https://www.leafguard.com/",53,29,5,"https://www.leafguard.com/","2021-09-03","2025-11-26"
356,"-","https://charlottecheckers.com/stats/checkers-news/features/weekly-report-jan-20-2020","https://www.leafguard.com/",53,27,1,"leafguard","2020-01-23","2021-05-07"
357,"🏆🏆Boost your Google rankings with Premium PBN & Link Building🏆🏆","https://cindylaup.com/all/613/10.html","https://pages.leafguard.com/LeafGuardOffers.html",53,23,1,"high quality dofollow backlinks da 50 pa 40 premium pbn network service chicagoatticat.com rank first page google fast seo link building buy backlinks online cheap","2026-08-22","2026-08-22"
358,"🏆🏆Boost your Google rankings with Premium PBN & Link Building🏆🏆","https://plrdownloadshub.com/all/23/1.html","https://pages.leafguard.com/LeafGuardOffers.html",53,23,"-","high quality dofollow backlinks da 50 pa 40 premium pbn network service 1gutter.com rank first page google fast seo link building buy backlinks online cheap","2026-08-19","2026-08-19"
359,"-","https://evna.care/keyword-ranking/1406654/seamless+gutters+online+quote","https://www.leafguard.com/",53,23,14,"leafguard gutters seamless rain gutter protection","2023-10-21","2024-01-25"
360,"🏆🏆Boost your Google rankings with Premium PBN & Link Building🏆🏆","https://bestnz-poker-casinoslot.com/all/1618/33.html","https://pages.leafguard.com/LeafGuardOffers.html",53,22,15,"high quality dofollow backlinks da 50 pa 40 premium pbn network service kingsportleafguard.com rank first page google fast seo link building buy backlinks online cheap","2026-08-14","2026-08-14"
361,"Leaf Guard of Connecticut (South Windsor, CT Home Improvement) - CozyMax","https://www.cozymax.org/home-improvement/listing/d7ff5605b474f4ec5b513c9fe5d2db5c/","https://www.leafguard.com/locations/connecticut",53,21,12,"https://leafguard.com/locations/connecticut","2026-04-21","2026-07-23"
362,"🏆🏆Boost your Google rankings with Premium PBN & Link Building🏆🏆","https://libyanatravel.com/all/462/12.html","https://pages.leafguard.com/LeafGuardOffers.html",53,20,6,"high quality dofollow backlinks da 50 pa 40 premium pbn network service kansascitygutters.com rank first page google fast seo link building buy backlinks online cheap","2026-08-31","2026-08-31"
363,"🏆🏆Boost your Google rankings with Premium PBN & Link Building🏆🏆","https://sapphirevpn.net/all/29/33.html","https://pages.leafguard.com/LeafGuardOffers.html",53,19,17,"high quality dofollow backlinks da 50 pa 40 premium pbn network service pittsburghleafguard.com rank first page google fast seo link building buy backlinks online cheap","2026-07-04","2026-07-04"
364,"🏆🏆Boost your Google rankings with Premium PBN & Link Building🏆🏆","https://hotonlinegaming.com/all/1434/29.html","https://pages.leafguard.com/LeafGuardOffers.html",53,18,1,"high quality dofollow backlinks da 50 pa 40 premium pbn network service incredablegutters.com rank first page google fast seo link building buy backlinks online cheap","2026-08-15","2026-08-18"
365,"🏆🏆Boost your Google rankings with Premium PBN & Link Building🏆🏆","https://fashionclothingnews.com/all/1180/19.html","https://pages.leafguard.com/LeafGuardOffers.html",53,18,6,"high quality dofollow backlinks da 50 pa 40 premium pbn network service getbeldongutter.com rank first page google fast seo link building buy backlinks online cheap","2026-08-22","2026-08-22"
366,"-","https://www.guildquality.com/pro/englert-leafguard","https://www.leafguard.com/",52,42,7,"website","2022-10-11","2023-10-22"
367,"Leafguard, Tools &amp; Hardware, 7800 Counts Massie Rd","https://leafguard-maumelle-ar.hub.biz/","https://www.leafguard.com/",52,37,6,"leafguard.com","2020-02-02","2026-07-08"
368,"
	gutters.com competitors - Top similar sites like 20 gutters.com and alternatives
","https://www.siteprice.org/competitors/gutters.com","https://www.leafguard.com/",52,34,1,"-","2026-03-11","2026-03-11"
369,"-","https://www.findglocal.com/US/Mount-Juliet/582137965229925/SKWARA-Homes","https://www.leafguard.com/how-it-works",52,33,1,"https://www.leafguard.com/how-it-works","2018-11-12","2018-11-12"
370,"-","https://www.contractortalk.com/threads/anyone-find-a-gutter-guard-that-works.115108/page-2","https://www.leafguard.com/",52,33,7,"www.leafguard.com","2021-01-25","2023-08-21"
371,"-","https://nsmb.com/forum/forum/nbr-not-biking-related-9/topic/home-diy-gutters-30014/?page=2","https://www.leafguard.com/",52,32,22,"http://www.leafguard.com/","2018-02-19","2023-09-10"
372,"-","https://besthostingprice.com/top-domain-list-438","https://www.leafguard.com/locations/st-cloud",52,31,11,"leafguardstcloud.com","2022-08-31","2026-06-28"
373,"April 16, 2026 - Free Stuff Times Contests","https://www.freestufftimes.com/contests/2026/04/16/","https://www.leafguard.com/contest",52,28,1,"https://www.leafguard.com/contest","2026-07-20","2026-07-20"
374,"-","https://www.rmoutlook.com/home-sweet-home/when-to-clean-your-gutters-bonus-tip-upgrading-your-gutters-to-a-maintenance-free-solution-with-a-leaf-guard-7528064","https://www.leafguard.com/blog/seamless-gutters",52,27,10,"leafguard","2024-10-02","2025-04-07"
375,"Gutter cleaning service businesses in WA","https://www.enigma.com/directory/wa/all-cities/gutter-cleaning-service/","https://www.leafguard.com/locations/seattle",52,26,1,"https://www.leafguard.com/locations/seattle","2025-11-24","2026-06-03"
376,"-","https://nearmelisting.com/local/leafguard-of-southern-georgia","https://www.leafguard.com/",52,22,2,"https://www.leafguard.com","2023-02-26","2024-10-20"
377,"🏆🏆Boost your Google rankings with Premium PBN & Link Building🏆🏆","https://homesforsaleoldgreenwichct.com/all/392/19.html","https://pages.leafguard.com/LeafGuardOffers.html",52,18,5,"high quality dofollow backlinks da 50 pa 40 premium pbn network service beldongutter.com rank first page google fast seo link building buy backlinks online cheap","2026-08-31","2026-08-31"
378,"🏆🏆Boost your Google rankings with Premium PBN & Link Building🏆🏆","https://clifflisting.com/all/674/18.html","https://pages.leafguard.com/LeafGuardOffers.html",52,18,20,"high quality dofollow backlinks da 50 pa 40 premium pbn network service coloradogutters.com rank first page google fast seo link building buy backlinks online cheap","2026-08-21","2026-08-24"
379,"Austin, IA Print Ads from FTP Test Publisher","https://test.adforge.ownlocal.com/denver-co/residential-contractors/residential-contractors/englert-leaf-guard-by-beldon-home-solutions/","https://pages.leafguard.com/LeafGuardOffers.html",52,31,20,"www.leafguardgutters.com","2024-07-27","2026-08-02"
380,"home improvement Can Be Fun For Anyone","https://gutter-cleaning-st-louis57912.full-design.com/home-improvement-Can-Be-Fun-For-Anyone-8648970","https://pages.leafguard.com/LeafGuardOffers.html",51,40,14,"more info","2023-04-28","2026-07-13"
381,"-","https://www.buzzfile.com/business/Leafguard-Chicago-708-485-1230","https://pages.leafguard.com/LeafGuardOffers.html",51,31,2,"www.gutterschicago.com","2023-05-02","2026-08-06"
382,"-","https://www.badgerandblade.com/forum/threads/gutter-leaf-guards.245919/","https://www.leafguard.com/",51,30,6,"http://www.leafguard.com/?gclid=clsplf-t1kocfqo87qodaw1ntq","2020-08-22","2026-08-29"
383,"-","https://jobs.mybaseguide.com/company/leafguard-197734","https://www.leafguard.com/careers",51,30,3,"https://www.leafguard.com/careers","2021-12-11","2024-04-29"
384,"-","https://start.cortera.com/company/research/m5n1ksm0r/leafguard-holdings-inc/","https://pages.leafguard.com/LeafGuardOffers.html",51,30,1,"visit website","2024-09-09","2026-08-06"
385,"-","https://curlie.org/en/Regional/North_America/United_States/Business_and_Economy/Home_and_Garden/","https://pages.leafguard.com/LeafGuardOffers.html",51,29,10,"englert leafguard","2023-04-15","2026-08-06"
386,"Midlands Women's Day - Eventeny","https://www.eventeny.com/events/midlands-womens-day-13471/","https://www.leafguard.com/",50,37,1,"link","2025-03-09","2026-07-24"
387,"Want to sample Birmingham's best gumbo? Gumbo Gala returns April 18 | Bham Now","https://bhamnow.com/2026/03/27/want-to-sample-birminghams-best-gumbo-gumbo-gala-returns-april-18/","https://www.leafguard.com/locations/birmingham",50,33,4,"leafguard of alabama","2026-04-02","2026-07-07"
388,"🏆🏆Boost your Google rankings with Premium PBN & Link Building🏆🏆","https://onvaxs.com/all/20/4.html","https://pages.leafguard.com/LeafGuardOffers.html",50,19,23,"high quality dofollow backlinks da 50 pa 40 premium pbn network service 1888gutters.com rank first page google fast seo link building buy backlinks online cheap","2026-08-17","2026-08-17"
389,"🏆🏆Boost your Google rankings with Premium PBN & Link Building🏆🏆","https://www.portailorange.net/all/478/13.html","https://pages.leafguard.com/LeafGuardOffers.html",50,16,40,"high quality dofollow backlinks da 50 pa 40 premium pbn network service springfieldchurchgutters.com rank first page google fast seo link building buy backlinks online cheap","2026-07-13","2026-07-13"
390,"Leaf Filter VS Leaf Guard: Which Performs Best? - Backyard Boss","https://www.backyardboss.net/leaf-filter-vs-leaf-guard/","https://www.leafguard.com/",49,40,1,"check the website","2020-04-04","2023-02-07"
391,"Santa's Workshop | Naperville Park District","https://napervilleparks.org/santasworkshop","https://www.leafguard.com/",49,34,1,"-","2024-03-18","2026-06-29"
392,"
	NARI Milwaukee Gutters
","https://milwaukeenariwiassoc.weblinkconnect.com/Gutters","https://pages.leafguard.com/LeafGuardOffers.html",49,30,6,"visit site","2025-06-25","2026-09-01"
393,"Ten Tips For Enjoying Fall And Keeping Your Family Safe","https://www.thesilverlining.com/westbendcares/blog/bid/158989/10-tips-to-help-you-enjoy-fall-and-keep-you-and-your-family-safe","https://www.leafguard.com/?gclid=CMOB-eHJgLICFcHCKgodbQsAUQ",49,29,1,"englert leaf guard® brand gutters","2020-09-14","2026-07-05"
394,"A Covered Gutter System Keeps Out Leaves and Debris • HouseCalls","https://housecallsdiy.com/projects/the_leafguard_gutter_system","https://www.leafguard.com/",49,15,1,"leafguard","2025-04-20","2026-06-26"
395,"-","https://my.datasphere.com/coupon/leafguard_columbusdayton-52052337-6067674","https://www.leafguard.com/",48,29,8,"visit website","2017-09-05","2020-03-18"
396,"Trabajar en LeafGuard | Glassdoor","https://www.glassdoor.es/Resumen/Trabajar-en-LeafGuard-EI_IE1293742.12,21.htm","https://www.leafguard.com/",48,27,28,"ir al sitio","2024-12-17","2026-07-18"
397,"WCIU, The U | Cleaning Gutters without a Ladder","https://www.wciu.com/videos/homewithu/cleaning-gutters-without-a-ladder","https://www.leafguard.com/",48,27,2,"leafguard","2017-05-08","2026-07-03"
398,"Leafguard-Midlands","https://citylifestyle.com/businesses/leafguard-midlands-1168324","https://www.leafguard.com/",47,31,1,"visit the website","2023-12-30","2026-07-23"
399,"-","https://golden.com/wiki/LeafGuard_Brand_Gutter-Y3DXD6W/activity/user/davit-khasaia","https://www.leafguard.com/blog",47,31,2,"https://www.leafguard.com/blog","2023-05-25","2023-05-28"
400,"NH Bacon & Beer Festival 2026 | BeerFests","https://events.beerfests.com/e/nh-bacon-beer-festival","https://www.leafguard.com/",47,31,1,"https://www.leafguard.com/","2025-12-25","2026-07-04"
401,"Gutter Siphon: Huge Fail! - Laidback Gardener","https://laidbackgardener.blog/2018/06/22/gutter-siphon-huge-fail/","https://www.leafguard.com/",47,31,1,"https://www.leafguard.com/","2021-08-14","2026-07-06"
402,"Directory Object reference not set to an instance of an object. - http://www.hbav.com/-/ - 467","https://hbaofvirginiastate.growthzoneapp.com/directory/FindStartsWith?term=S","https://www.leafguard.com/",47,30,1,"www.leafguard.com","2024-06-14","2026-05-18"
403,"-","https://www.prweb.net/Redirect.aspx?id=aHR0cDovL3d3dy5sZWFmZ3VhcmRndXR0ZXJzLmNvbQ==","https://pages.leafguard.com/LeafGuardOffers.html",47,30,"-","-","2024-07-27","2026-08-02"
404,"-","https://sawmillcreek.org/showthread.php?65182-Radial-Arm-Saw-guard-help!","https://www.leafguard.com/home.asp",47,29,5,"http://www.leafguard.com/home.asp","2018-08-02","2025-05-18"
405,"85% OFF Installation, Englert LeafGuard","https://local.dailyunion.com/places/view/1245/englert_leaf_guard.html","https://www.leafguard.com/",47,28,1,"leafguard.com","2020-09-26","2021-01-01"
406,"-","https://jobs.thefranklinnewspost.com/company/leafguard-197734","https://www.leafguard.com/careers",47,27,4,"https://www.leafguard.com/careers","2021-10-14","2024-05-18"
407,"Exhibitor List 2026 - Maine Boat & Home Show | Maine Boats Homes & Harbors","https://maineboats.com/boatshow/exhibitor-list","https://www.leafguard.com/",47,27,1,"https://www.leafguard.com","2026-07-08","2026-07-08"
408,"Leaf Guard Gutters St Cloud - Wadena Pioneer Journal","https://admin.local.wadenapj.com/st%20cloud-mn/leaf-guard-gutters-st-cloud-605-273-5790","https://www.leafguard.com/",47,27,1,"http://www.leafguard.com/","2021-08-28","2026-08-04"
409,"-","https://jobs.crestonnews.com/company/leafguard-197734","https://www.leafguard.com/careers",47,26,2,"https://www.leafguard.com/careers","2022-01-01","2024-02-21"
410,"-","https://investors.brac.org/Finance-and-Insurance","https://www.leafguard.com/",46,33,1,"visit site","2016-10-01","2019-08-20"
411,"-","https://www.anibookmark.com/site/leafguard-gutters-learn-about-installation-and-maintenance-ab2007519.html","https://www.leafguard.com/",46,33,4,"leafguard gutters learn about installation and maintenance","2025-04-30","2025-04-30"
412,"Dad Fest - City of Albany Office of Cultural Affairs","https://www.albanyevents.org/events/dad-fest/","https://www.leafguard.com/",46,33,1,"leafguard","2025-06-19","2026-07-03"
413,"Feature LeafGuard: Gutters and Gutter Protection in Pittsburgh, PA - Viesearch","https://viesearch.com/xbly/featured-site-tour","https://pages.leafguard.com/LeafGuardOffers.html",46,32,7,"-","2026-05-27","2026-07-03"
414,"Your Entry Has Been Successfully Received | $100,000 Home Makeover Contest | Champion Windows","https://www.championwindow.com/contest-thank-you/","https://www.leafguard.com/",46,32,2,"leafguard","2026-08-04","2026-08-04"
415,"Leafguard donates gutters, volunteers with Habitat for Humanity | LBM Journal","https://www.lbmjournal.com/industry-news/news/15784597/leafguard-donates-gutters-volunteers-with-habitat-for-humanity","https://www.leafguard.com/",46,30,3,"leafguard","2026-02-28","2026-06-05"
416,"Surviving the Pandemic | Pro Remodeler","https://www.proremodeler.com/home-improvement/business-home-improvement/article/55184442/surviving-the-pandemic","https://www.leafguard.com/",46,29,4,"leaf guard","2026-04-08","2026-07-14"
417,"-","https://jobs.mahoningmatters.com/company/leafguard-197734","https://www.leafguard.com/careers",46,28,1,"https://www.leafguard.com/careers","2021-12-24","2024-06-25"
418," What is the purpose of rain gutters? - TexasBowhunter.com Community  Discussion Forums","https://discussions.texasbowhunter.com/forums/showthread.php?p=12716746","https://www.leafguard.com/",46,28,7,"https://www.leafguard.com","2018-11-28","2021-05-05"
419,"Leafguard of Oregon - Personify Events Community","https://fenw2024.smallworldlabs.com/exhibitors/exhibitor/30","https://www.leafguard.com/",46,27,53,"http://www.leafguard.com","2023-11-19","2026-06-18"
420,"30+ vendors come together at the St. Cloud Rose Fall Craft and Gift Show - KVSC 88.1 FM","https://www.kvsc.org/30-vendors-come-together-at-the-st-cloud-rose-fall-craft-and-gift-show/","https://www.leafguard.com/locations/st-cloud",46,25,3,"leaf guard","2026-08-23","2026-08-23"
421,"LeafGuard Reviews & Complaints - Is it Legit?","https://www.reviewopedia.com/englert-leafguard-reviews","https://www.leafguard.com/",45,41,10,"www.leafguard.com","2021-01-04","2026-07-05"
422,"-","https://www.omahamagazine.com/best-of-omaha-2025-winners/","https://www.leafguard.com/",45,40,1,"leafguard.com","2024-11-11","2026-07-08"
423,"How to Clean LeafGuard Gutters | HomeSteady","https://homesteady.com/13414673/how-to-clean-leafguard-gutters","https://www.leafguard.com/how-it-works",45,33,2,"leafguard how it works","2019-06-28","2026-06-26"
424,"-","https://ity.im/job/roofing/leafguard-central-ohio/in/columbus/ohio/opportunities/5688-westbourne-ave/444659","https://www.leafguard.com/",45,32,41,"www.leafguard.com","2019-12-30","2022-06-29"
425,"-","https://www.golocal247.com/b/erie-pa/construction-reports","https://www.leafguard.com/",45,31,3,"website","2018-09-19","2025-04-04"
426,"Leafguard Brand Gutters Email Formats & Email Address Examples | LeadIQ","https://leadiq.com/c/leafguard-brand-gutters/612e5c864f9095de4c390505/email-format","https://www.leafguard.com/",45,29,1,"leafguard.com","2024-11-09","2026-07-08"
427,"-","https://www.yellowbullet.com/threads/leaf-filter-gutter-guards.2589085/page-2","https://www.leafguard.com/",45,29,6,"https://www.leafguard.com/","2021-12-18","2023-09-21"
428,"-","https://www.airlinepilotforums.com/hangar-talk/26895-rain-gutter-protection.html","https://www.leafguard.com/homehtml.asp?mode=html",45,28,3,"leafguard","2019-12-27","2019-12-27"
429,"-","https://bbs.homeshopmachinist.net/threads/32036-Gutter-cleaning-robots-Anygood","https://www.leafguard.com/",45,28,1,"http://www.leafguard.com/","2017-12-16","2019-06-09"
430,"define gutter - Bing","https://www.windowssearch-exp.com/search?q=define+gutter&first=31&FORM=PERE2","https://www.leafguard.com/compare-gutters",45,28,"-","compare different gutter types leafguard gutters","2021-03-11","2021-06-11"
431,"Trabajar en LeafGuard | Glassdoor","https://www.glassdoor.com.mx/Descripci%C3%B3n-general/Trabajar-en-LeafGuard-EI_IE1293742.12,21.htm","https://www.leafguard.com/",45,28,"-","ir al sitio","2024-11-20","2026-07-04"
432,"Leafguard - Knoxville Chamber®","https://www.knoxvillechamber.com/directory/listing/leafguard/","https://www.leafguard.com/",45,26,1,"https://www.leafguard.com","2025-06-20","2026-07-21"
433,"Trail Closed - ETS Forums","https://forums.equipped.org/ubbthreads.php?ubb=showflat&Number=291842","https://www.leafguard.com/images/gutter%20guard.png",45,26,3,"https://www.leafguard.com/images/gutter%20guard.png","2019-03-06","2026-08-13"
434,"-","https://jobs.hobbsnews.com/company/leafguard-197734","https://www.leafguard.com/careers",45,25,2,"https://www.leafguard.com/careers","2021-10-15","2024-05-16"
435,"NWADG Basketball - 2018","https://www.epageflip.net/i/1045799-2018/28","https://www.leafguard.com/",45,23,7,"http://www.leafguard.com","2019-12-20","2026-08-12"
436,"
	Patio Enclosures is a Great Day Improvements Brand 
","https://www.patioenclosures.com/about-great-day-improvements.aspx","https://www.leafguard.com/",44,32,1,"leafguards logo","2025-09-26","2026-07-12"
437,"-","https://growjo.com/company/Rising_Pharma_Holdings","https://www.leafguard.com/",44,29,3,"-","2025-06-03","2026-07-08"
438,"-","https://www.allonesearch.com/redirect.htm?redir=4cjc1VpxY6zrq6DQmoHT3KrVkrRi3MPV4YOqmZjfp-fRsVOgqmWnUYRssoQ=","https://www.leafguard.com/",44,28,60,"-","2022-10-10","2026-02-19"
439,"Trabajar en LeafGuard | Glassdoor","https://www.glassdoor.com.ar/Descripci%C3%B3n-general/Trabajar-en-LeafGuard-EI_IE1293742.12,21.htm","https://www.leafguard.com/",44,27,"-","ir al sitio","2025-01-04","2026-06-14"
440,"Prepare for Spring Storms: Gutter Maintenance","https://www.cabinlife.com/articles/gutter-maintenance/","https://www.leafguard.com/",44,27,13,"leafguard","2024-09-23","2026-06-22"
441,"-","https://forums.macresource.com/read.php?1,2005361,2005459","https://www.leafguard.com/",44,27,1,"www.leafguard.com","2018-01-21","2025-04-13"
442,"-","https://www.homeshowcenter.com/referrals/2354/columbushome2","https://www.leafguard.com/",44,25,9,"-","2025-10-14","2026-08-01"
443,"Detail","https://www.gardenshow.com/vendor-list/vendors/detail/leafguard-of-seattle","https://www.leafguard.com/",44,25,10,"visit website","2025-10-23","2026-08-08"
444,"BEST WHITE/DARK HAT LINKBUILDING FOR YOUR WEBSITE! NO PREPAYMENTS! 100% TRUSTWORTHY! – National Space Research and Development Agency","https://nasrda.gov.ng/blog/2024/10/30/best-white-dark-hat-linkbuilding-for-your-website-1237/","https://www.leafguard.com/",44,25,3,"links for www leafguard com telegram happygrannypies","2025-03-14","2026-07-24"
445,"LeafGuard — AI Brand Authority Index","https://authority.dejan.ai/leafguard/","https://www.leafguard.com/",44,21,4,"leafguard.com","2026-04-25","2026-08-02"
446,"Are Gutters Included In A Roof Replacement? - Pro Roofer USA","https://prorooferusa.com/gutters/are-gutters-included-in-roof-replacement/","https://www.leafguard.com/blog/understanding-benefits-and-advantages-seamless-gutters",44,18,9,"seamless aluminum gutters reduce leaks","2025-12-29","2025-12-29"
447,"Leaf Guard Gutters in Canton, Massachusetts - Gutter Services | Bunity","https://www.bunity.com/leaf-guard-gutters-5ae01b479dfbc8185eb40aa5","https://pages.leafguard.com/LeafGuardOffers.html",43,32,1,"leaf guard gutters gutter services","2026-05-30","2026-07-04"
448,"-","https://d.cungcap.net/d/leafguardreviews.com","https://pages.leafguard.com/LeafGuardOffers.html",43,31,8,"leafguardreviews.com","2023-03-04","2026-08-20"
449,"-","https://host.io/leafguardgutters-fortworth.com","https://pages.leafguard.com/LeafGuardOffers.html",43,31,23,"leafguardgutters-fortworth.com","2023-03-06","2026-04-02"
450,"-","https://lebtown.com/2025/11/06/annual-christmas-at-the-expo-returns-with-free-admission-and-200-vendors/","https://www.leafguard.com/",43,27,1,"leaf guard – show sponsor","2025-11-11","2026-05-21"
451,"Potato Drop Vendors | Idaho Potato Drop Vendors","https://idahopotatodrop.com/vendors/","https://www.leafguard.com/",43,27,1,"visit leafguard's official website","2026-03-27","2026-07-01"
452,"-","https://www.mdshooters.com/threads/gutter-guards.153892/page-2","https://www.leafguard.com/",43,27,2,"http://www.leafguard.com","2025-05-07","2025-05-07"
453,"Become a Sponsor | Support the Utah Arts Festival","https://uaf.org/sponsors","https://quote.leafguard.com/locations/utah?t=search&utm_id=20573156864&utm_id=20573156864&gad_source=1&gclid=Cj0KCQjwsaqzBhDdARIsAK2gqnctWYWep8-JkKGckUNtMP6OUq",43,26,13,"leafguard","2024-06-14","2026-07-09"
454,"The Great Day Improvements $100,000 Home Makeover Sweepstakes | JustFreeStuff","https://justfreestuff.com/categories/contests/the-great-day-improvements-100000-home-makeover-sweepstakes/","https://www.leafguard.com/contest",43,26,4,"-","2026-07-11","2026-07-11"
455,"-","https://www.lakelandtoday.ca/home-sweet-home/when-to-clean-your-gutters-bonus-tip-upgrading-your-gutters-to-a-maintenance-free-solution-with-a-leaf-guard-7528064","https://www.leafguard.com/blog/seamless-gutters",43,26,1,"leafguard","2024-08-12","2025-05-18"
456,"Englert unveils new LeafGuard website - Metal Architecture","https://www.metalarchitecture.com/news/daily-news/englert-unveils-new-leafguard-website/","https://www.leafguard.com/",43,26,4,"www.leafguard.com","2023-09-11","2026-08-19"
457,"-","https://downtownfranklintn.com/the-heritage-foundations-pumpkinfest-to-return-to-downtown-franklin-oct-30/","https://www.leafguard.com/",43,25,1,"leaf guard","2021-10-09","2025-12-27"
458,"-","https://www.fox8tv.com/uncork/uncork-sponsors/","https://www.leafguard.com/",43,25,3,"visit website","2026-04-16","2026-04-16"
459,"Jobs at LeafGuard of the Southeast Carolinas | Hire Veterans - The #1 Veteran Jobs Marketplace","https://hireveterans.com/company/70745/leafguard-of-the-southeast-carolinas/","https://www.leafguard.com/",43,25,1,"www.leafguard.com","2020-09-03","2026-05-28"
460,"2026 Sponsors – Taste of Alpharetta","https://tasteofalpharetta-b8auczbbhgdzdqan.eastus2-01.azurewebsites.net/2026-sponsors/","https://quote.leafguard.com/",43,20,"-","-","2026-05-21","2026-08-22"
461,"Top Home Improvement Brands | Great Day Improvements","https://www.greatdayimprovements.com/","https://www.leafguard.com/",42,46,1,"leafguard logo","2025-03-07","2026-07-06"
462,"How Much Does LeafGuard Cost?","https://www.thepricer.org/how-much-does-leafguard-cost/","https://www.leafguard.com/",42,32,1,"leafguard","2025-05-24","2026-06-26"
463,"Halloweenfest 2025 | Heart of Brevard","https://brevardnc.org/event/halloweenfest-2025/","https://www.leafguard.com/",42,30,1,"leafguard sponsor","2025-12-29","2026-07-14"
464,"The whatUseek Directory - Rain_Gutters_and_Related_Systems","https://dir.whatuseek.com/Business/Industries/Construction_and_Maintenance/Materials_and_Supplies/Thermal_and_Moisture/Flashing_and_Sheet_Metal/Rain_Gutters_and_Related_Systems","https://www.leafguard.com/index.cfm",42,30,20,"englert leafguard","2026-06-14","2026-06-14"
465,"-","https://ymcaokc.org/healthy-kids-day/","https://www.leafguard.com/locations/oklahoma",42,30,2,"leafguard of oklahoma","2025-04-05","2025-04-05"
466,"-","https://ism3.infinityprosports.com/ismdata/2005121300/std-sitebuilder/sites/201301/www/en/sponsors/marqueepartnerstouringexhibits/","https://pages.leafguard.com/LeafGuardOffers.html",42,28,28,"-","2023-07-28","2026-08-06"
467,"Leaf Gutter Guards","https://forums.woodnet.net/showthread.php?tid=7356845&pid=7886147","https://www.leafguard.com/",42,27,1,"leaf guard","2022-04-24","2025-10-12"
468,"Great Day Improvements | Universal Windows Direct","https://www.universalwindowsdirect.com/about-us/great-day-improvements/","https://www.leafguard.com/",42,26,1,"leafguard logo","2025-09-27","2026-07-07"
469,"-","https://www.genmay.com/showthread.php?t=836344","https://www.leafguard.com/",42,26,17,"http://www.leafguard.com/","2017-11-03","2018-07-09"
470,"
                LeafGuard opens in Ridgeland - Effingham Herald
            ","https://www.effinghamherald.net/local/business/leafguard-opens-in-ridgeland/","https://www.leafguard.com/",42,26,5,"www.leafguard.com","2023-08-02","2026-07-08"
471,"-","https://www.thealbertan.com/home-sweet-home/when-to-clean-your-gutters-bonus-tip-upgrading-your-gutters-to-a-maintenance-free-solution-with-a-leaf-guard-7528064","https://www.leafguard.com/blog/seamless-gutters",42,25,1,"leafguard","2024-06-01","2025-06-14"
472,"mathew's web site  | Home improvements part 2: Guttering","https://meta.ath0.com/2010/08/07/home-improvements-part-2-guttering/","https://www.leafguard.com/",42,24,41,"leafguard","2016-10-17","2024-08-19"
473,"-","https://williamsonheritage.org/news/the-heritage-foundations-pumpkinfest-to-return-to-downtown-franklin-oct-30/","https://www.leafguard.com/",42,23,1,"leaf guard","2021-10-17","2025-12-26"
474,"LeafGuard - Ribfest 2020 Sponsor","https://ribfest.net/sponsors/sponsor/leafguard","https://www.leafguard.com/",42,22,28,"www.leafguard.com/","2026-04-07","2026-07-10"
475,"Guttering US - Gutter Repair, Installation & Cleaning Services - The Big Directory","https://www.thebigdir.com/guttering/index.html","https://www.leafguard.com/",42,20,19,"www.leafguard.com","2017-05-24","2026-06-29"
476,"🏆🏆Boost your Google rankings with Premium PBN & Link Building🏆🏆","https://aloysionunes.com/all/1180/19.html","https://pages.leafguard.com/LeafGuardOffers.html",42,20,18,"high quality dofollow backlinks da 50 pa 40 premium pbn network service getbeldongutter.com rank first page google fast seo link building buy backlinks online cheap","2026-08-22","2026-08-22"
477,"🏆🏆Boost your Google rankings with Premium PBN & Link Building🏆🏆","https://quotesblom.com/all/614/8.html","https://pages.leafguard.com/LeafGuardOffers.html",42,19,6,"high quality dofollow backlinks da 50 pa 40 premium pbn network service chicagolandguttercleaning.com rank first page google fast seo link building buy backlinks online cheap","2026-09-01","2026-09-01"
478,"Simple Solutions to Stop Ice From Building Up on Your Roof - Pics Totally","https://picstotally.com/ice-from-building-up-on-your-roof/","https://www.leafguard.com/blog/how-keep-your-gutters-clear-ice-and-snow-winter",42,19,6,"clogged gutters trap melted snow","2026-03-14","2026-06-18"
479,"NC Hops Fest - Shop Local Raleigh","https://shoplocalraleigh.org/slr-events/nc-hops-fest/","https://www.leafguard.com/locations/raleigh",41,37,1,"leafguard logo","2025-09-21","2026-06-30"
480,"-","https://roofing-contractors.regionaldirectory.us/north-carolina.htm","https://pages.leafguard.com/LeafGuardOffers.html",41,36,1,"leaf guard of greater charlotte","2023-02-19","2026-04-02"
481,"LeafGuard Gutters of St Cloud Email verification & Email checker | NeverBounce","https://www.neverbounce.com/company/leafguard-gutters-of-st-cloud/539962603","https://www.leafguard.com/locations/st-cloud",41,30,2,"www.leafguardstcloud.com","2025-01-12","2026-08-20"
482,"The 2025 Philly VegFest Will Have Over 50 Vendors, Live Entertainment, and Expert Panelists - Wooder Ice","https://wooderice.com/the-2025-philly-vegfest-will-have-over-50-vendors-live-entertainment-and-expert-panelists/","https://www.leafguard.com/",41,26,1,"leaf guard","2025-06-06","2026-06-30"
483,"Sponsors - ALABAMA'S ORIGINAL BEACH PARTY","https://www.myshrimpfest.com/sponsors.html","https://www.leafguard.com/",41,22,10,"-","2025-10-07","2026-07-17"
484,"Why New Gutters Can Save Your Home From Water Damage - Deez Nut Jokes","https://deeznutjokes.com/why-new-gutters-can-save-your-home-from-water-damage/","https://www.leafguard.com/blog/how-can-rain-damage-my-home",41,20,4,"water seems harmless but uncontrolled rainwater can damage your home","2025-11-05","2026-09-01"
485,"The One Seasonal Cleanout That Prevents Surprise Flooding Around Your Property - rickkaepernick","https://rickkaepernick.net/the-one-seasonal-cleanout-that-prevents-surprise-flooding-around-your-property/","https://www.leafguard.com/blog/does-homeowners-insurance-cover-gutter-damage",41,18,7,"water is lingering in your gutters","2026-05-15","2026-05-15"
486,"🏆🏆Boost your Google rankings with Premium PBN & Link Building🏆🏆","https://uncledspizza.com/all/651/29.html","https://pages.leafguard.com/LeafGuardOffers.html",41,17,7,"high quality dofollow backlinks da 50 pa 40 premium pbn network service clogfreeguarantee.com rank first page google fast seo link building buy backlinks online cheap","2026-08-15","2026-08-19"
487,"-","https://urbancraftuprising.com/","https://www.leafguard.com/",40,44,1,"leafguard","2023-07-21","2023-07-21"
488,"-","https://www.collingswood.com/things_to_do/arts_and_events/may_fair.php","https://www.leafguard.com/",40,38,8,"leaf guard","2023-04-25","2025-12-27"
489,"-","https://meropizyki.htw.pl/rainaway-gutter-service-houston-alaska.php","https://www.leafguard.com/",40,33,23,"englert leafguard rain gutters seamless gutter protection","2018-05-26","2018-10-28"
490,"Leafguard Central Ohio - Reviews, Contact & Info | CGMIMM","https://www.cgmimm.com/biz/leafguard-central-ohio-5050-nike-dr-a-43026","https://www.leafguard.com/",40,31,9,"visit website","2026-06-12","2026-06-15"
491,"
	Ozarks Food Truck Rally
","https://www.ozarkempirefair.com/p/events/ozark-empire-fairgrounds-produced-events/ozarks-food-truck-rally","https://www.leafguard.com/",40,30,1,"leaf guard","2025-07-23","2026-04-21"
492,"
      Outside Sales Rep - Austin
      
        
          
         
        
          
             - Austin, TX
          
        

        
      
    ","https://portal.brightmove.com/jb.do?reqGK=744505","https://pages.leafguard.com/LeafGuardOffers.html",40,29,1,"-","2025-06-09","2026-08-02"
493,"How Beldon Successfully Launched Its Siding Business With HOVER - HOVER Inc","https://hover.to/blog/beldon-successfully-launched-siding-business-hover","https://www.leafguard.com/",40,29,1,"leafguard gutters","2023-11-16","2026-06-26"
494,"The Bloody Mary Festival - Milwaukee | 6-21-25","https://www.thebloodymaryfest.com/milwaukee-6-21-25","https://www.leafguard.com/",40,29,1,"-","2025-06-08","2026-07-08"
495,"-","https://mobileapp.ilaniresort.com/events-and-promotions/schedule-of-events/swff-grand-tasting-0127.html","https://www.leafguard.com/",40,28,1,"leafguard","2024-01-08","2024-01-08"
496,"-","https://w3.ataiva.com/englertgutter.com","https://pages.leafguard.com/LeafGuardOffers.html",40,26,4,"visit website","2025-12-13","2026-07-10"
497,"-","https://www.wipsites.com/site/guildquality.com","https://quote.leafguard.com/connecticut-ct",40,25,3,"-","2021-08-10","2021-08-10"
498,"-","https://ledgerenquirer.jobboard.recruitology.com/company/leafguard-197734","https://www.leafguard.com/careers",40,24,1,"https://www.leafguard.com/careers","2021-12-09","2024-01-02"
499,"englert leafguard phone number","https://new.cleen.org/gina-ortiz/1908/englert-leafguard-phone-number","https://www.leafguard.com/contact",40,23,1,"contact leafguard schedule a free estimate","2023-02-11","2023-02-11"
500,"Fox Cities Online Results Page","https://ftp.focol.org/files/tableonly.asp?searchCat=All&searchCity=All&txtSearchString=&sqlQuery=SELECT+%2A+FROM+mainquery+WHERE+%28DateAdded%3E%3D%238%2F1%2F2010%23%29++ORDER+BY+City%2CName%2CClass&page=29&pageSize=100&NewWindow=No","https://www.leafguard.com/contact/?dealer=36/WI/LEAFGUARD-NORTHEAST-WISCONSIN",40,23,31,"leafguard northeast wisconsin","2025-05-22","2026-06-30"
